<?xml version="1.0"?>
<font>
  <info face="Contrail One" size="80" bold="0" italic="0" charset="" unicode="1" stretchH="100" smooth="1" aa="1" padding="5,5,5,5" spacing="1,1" outline="0"/>
  <common lineHeight="81" base="61" scaleW="512" scaleH="512" pages="1" packed="0" alphaChnl="0" redChnl="3" greenChnl="3" blueChnl="3"/>
  <pages>
    <page id="0" file="contrail_plain_0.png" />
  </pages>
  <chars count="101">
    <char id="32" x="495" y="0" width="13" height="11" xoffset="-6" yoffset="75" xadvance="13" page="0" chnl="15" />
    <char id="33" x="465" y="127" width="25" height="60" xoffset="-2" yoffset="6" xadvance="18" page="0" chnl="15" />
    <char id="34" x="357" y="368" width="34" height="31" xoffset="2" yoffset="2" xadvance="31" page="0" chnl="15" />
    <char id="35" x="439" y="65" width="48" height="61" xoffset="-2" yoffset="5" xadvance="40" page="0" chnl="15" />
    <char id="36" x="306" y="0" width="32" height="73" xoffset="0" yoffset="0" xadvance="30" page="0" chnl="15" />
    <char id="37" x="388" y="65" width="50" height="62" xoffset="-1" yoffset="5" xadvance="45" page="0" chnl="15" />
    <char id="38" x="58" y="143" width="42" height="60" xoffset="-3" yoffset="6" xadvance="33" page="0" chnl="15" />
    <char id="39" x="491" y="96" width="20" height="31" xoffset="2" yoffset="2" xadvance="17" page="0" chnl="15" />
    <char id="40" x="140" y="0" width="32" height="77" xoffset="0" yoffset="2" xadvance="22" page="0" chnl="15" />
    <char id="41" x="173" y="0" width="32" height="77" xoffset="-9" yoffset="2" xadvance="22" page="0" chnl="15" />
    <char id="42" x="207" y="372" width="36" height="35" xoffset="0" yoffset="3" xadvance="31" page="0" chnl="15" />
    <char id="43" x="244" y="372" width="34" height="33" xoffset="-1" yoffset="21" xadvance="30" page="0" chnl="15" />
    <char id="44" x="488" y="64" width="22" height="31" xoffset="-3" yoffset="47" xadvance="18" page="0" chnl="15" />
    <char id="45" x="52" y="424" width="34" height="18" xoffset="-1" yoffset="28" xadvance="30" page="0" chnl="15" />
    <char id="46" x="472" y="358" width="22" height="19" xoffset="-3" yoffset="47" xadvance="18" page="0" chnl="15" />
    <char id="47" x="70" y="0" width="35" height="77" xoffset="-9" yoffset="2" xadvance="16" page="0" chnl="15" />
    <char id="48" x="180" y="142" width="36" height="60" xoffset="-2" yoffset="6" xadvance="30" page="0" chnl="15" />
    <char id="49" x="432" y="128" width="32" height="60" xoffset="-2" yoffset="6" xadvance="30" page="0" chnl="15" />
    <char id="50" x="325" y="137" width="35" height="60" xoffset="-2" yoffset="6" xadvance="30" page="0" chnl="15" />
    <char id="51" x="361" y="137" width="35" height="60" xoffset="-2" yoffset="6" xadvance="30" page="0" chnl="15" />
    <char id="52" x="101" y="142" width="39" height="60" xoffset="-5" yoffset="6" xadvance="30" page="0" chnl="15" />
    <char id="53" x="217" y="142" width="35" height="60" xoffset="-1" yoffset="6" xadvance="30" page="0" chnl="15" />
    <char id="54" x="253" y="139" width="35" height="60" xoffset="-2" yoffset="6" xadvance="30" page="0" chnl="15" />
    <char id="55" x="397" y="128" width="34" height="60" xoffset="1" yoffset="6" xadvance="30" page="0" chnl="15" />
    <char id="56" x="141" y="142" width="38" height="60" xoffset="-3" yoffset="6" xadvance="30" page="0" chnl="15" />
    <char id="57" x="289" y="138" width="35" height="60" xoffset="0" yoffset="6" xadvance="30" page="0" chnl="15" />
    <char id="58" x="486" y="248" width="25" height="44" xoffset="-3" yoffset="22" xadvance="18" page="0" chnl="15" />
    <char id="59" x="460" y="249" width="25" height="56" xoffset="-3" yoffset="22" xadvance="18" page="0" chnl="15" />
    <char id="60" x="98" y="375" width="30" height="38" xoffset="1" yoffset="22" xadvance="30" page="0" chnl="15" />
    <char id="61" x="279" y="372" width="36" height="32" xoffset="-2" yoffset="22" xadvance="30" page="0" chnl="15" />
    <char id="62" x="66" y="375" width="31" height="38" xoffset="0" yoffset="22" xadvance="30" page="0" chnl="15" />
    <char id="63" x="0" y="144" width="31" height="61" xoffset="0" yoffset="5" xadvance="26" page="0" chnl="15" />
    <char id="64" x="236" y="0" width="69" height="74" xoffset="0" yoffset="5" xadvance="66" page="0" chnl="15" />
    <char id="65" x="117" y="263" width="37" height="59" xoffset="-5" yoffset="7" xadvance="30" page="0" chnl="15" />
    <char id="66" x="269" y="200" width="39" height="59" xoffset="-2" yoffset="7" xadvance="32" page="0" chnl="15" />
    <char id="67" x="191" y="263" width="35" height="59" xoffset="-1" yoffset="7" xadvance="27" page="0" chnl="15" />
    <char id="68" x="309" y="199" width="39" height="59" xoffset="-2" yoffset="7" xadvance="33" page="0" chnl="15" />
    <char id="69" x="227" y="263" width="35" height="59" xoffset="-2" yoffset="7" xadvance="28" page="0" chnl="15" />
    <char id="70" x="155" y="263" width="35" height="59" xoffset="-2" yoffset="7" xadvance="28" page="0" chnl="15" />
    <char id="71" x="263" y="263" width="35" height="59" xoffset="-1" yoffset="7" xadvance="30" page="0" chnl="15" />
    <char id="72" x="188" y="203" width="40" height="59" xoffset="-2" yoffset="7" xadvance="33" page="0" chnl="15" />
    <char id="73" x="435" y="249" width="24" height="59" xoffset="-2" yoffset="7" xadvance="17" page="0" chnl="15" />
    <char id="74" x="368" y="258" width="33" height="59" xoffset="-6" yoffset="7" xadvance="22" page="0" chnl="15" />
    <char id="75" x="429" y="189" width="39" height="59" xoffset="-2" yoffset="7" xadvance="31" page="0" chnl="15" />
    <char id="76" x="334" y="259" width="33" height="59" xoffset="-2" yoffset="7" xadvance="28" page="0" chnl="15" />
    <char id="77" x="52" y="206" width="50" height="59" xoffset="-2" yoffset="7" xadvance="43" page="0" chnl="15" />
    <char id="78" x="146" y="203" width="41" height="59" xoffset="-2" yoffset="7" xadvance="34" page="0" chnl="15" />
    <char id="79" x="78" y="266" width="38" height="59" xoffset="-1" yoffset="7" xadvance="33" page="0" chnl="15" />
    <char id="80" x="469" y="188" width="39" height="59" xoffset="-2" yoffset="7" xadvance="32" page="0" chnl="15" />
    <char id="81" x="339" y="0" width="38" height="69" xoffset="-1" yoffset="7" xadvance="33" page="0" chnl="15" />
    <char id="82" x="349" y="198" width="39" height="59" xoffset="-2" yoffset="7" xadvance="32" page="0" chnl="15" />
    <char id="83" x="402" y="258" width="32" height="59" xoffset="-4" yoffset="7" xadvance="22" page="0" chnl="15" />
    <char id="84" x="299" y="260" width="34" height="59" xoffset="-1" yoffset="7" xadvance="25" page="0" chnl="15" />
    <char id="85" x="389" y="198" width="39" height="59" xoffset="-1" yoffset="7" xadvance="33" page="0" chnl="15" />
    <char id="86" x="39" y="266" width="38" height="59" xoffset="-1" yoffset="7" xadvance="29" page="0" chnl="15" />
    <char id="87" x="0" y="206" width="51" height="59" xoffset="0" yoffset="7" xadvance="43" page="0" chnl="15" />
    <char id="88" x="103" y="203" width="42" height="59" xoffset="-5" yoffset="7" xadvance="29" page="0" chnl="15" />
    <char id="89" x="0" y="266" width="38" height="59" xoffset="-1" yoffset="7" xadvance="28" page="0" chnl="15" />
    <char id="90" x="229" y="203" width="39" height="59" xoffset="-5" yoffset="7" xadvance="27" page="0" chnl="15" />
    <char id="91" x="35" y="0" width="34" height="78" xoffset="-2" yoffset="2" xadvance="21" page="0" chnl="15" />
    <char id="92" x="206" y="0" width="29" height="77" xoffset="-4" yoffset="2" xadvance="16" page="0" chnl="15" />
    <char id="93" x="0" y="0" width="34" height="79" xoffset="-9" yoffset="1" xadvance="21" page="0" chnl="15" />
    <char id="94" x="316" y="372" width="40" height="31" xoffset="-4" yoffset="15" xadvance="30" page="0" chnl="15" />
    <char id="95" x="0" y="431" width="51" height="18" xoffset="-10" yoffset="57" xadvance="35" page="0" chnl="15" />
    <char id="96" x="392" y="367" width="22" height="25" xoffset="3" yoffset="3" xadvance="27" page="0" chnl="15" />
    <char id="97" x="177" y="323" width="39" height="48" xoffset="-2" yoffset="18" xadvance="33" page="0" chnl="15" />
    <char id="98" x="81" y="78" width="38" height="63" xoffset="-2" yoffset="3" xadvance="33" page="0" chnl="15" />
    <char id="99" x="0" y="382" width="34" height="48" xoffset="-2" yoffset="18" xadvance="28" page="0" chnl="15" />
    <char id="100" x="454" y="0" width="40" height="63" xoffset="-2" yoffset="3" xadvance="33" page="0" chnl="15" />
    <char id="101" x="410" y="318" width="36" height="48" xoffset="-2" yoffset="18" xadvance="31" page="0" chnl="15" />
    <char id="102" x="418" y="0" width="35" height="64" xoffset="-2" yoffset="2" xadvance="22" page="0" chnl="15" />
    <char id="103" x="378" y="0" width="39" height="64" xoffset="-2" yoffset="18" xadvance="33" page="0" chnl="15" />
    <char id="104" x="159" y="78" width="38" height="63" xoffset="-2" yoffset="3" xadvance="33" page="0" chnl="15" />
    <char id="105" x="32" y="144" width="25" height="61" xoffset="-2" yoffset="5" xadvance="17" page="0" chnl="15" />
    <char id="106" x="106" y="0" width="33" height="77" xoffset="-10" yoffset="5" xadvance="17" page="0" chnl="15" />
    <char id="107" x="120" y="78" width="38" height="63" xoffset="-2" yoffset="3" xadvance="31" page="0" chnl="15" />
    <char id="108" x="236" y="75" width="25" height="63" xoffset="-2" yoffset="3" xadvance="17" page="0" chnl="15" />
    <char id="109" x="32" y="326" width="54" height="48" xoffset="-2" yoffset="18" xadvance="49" page="0" chnl="15" />
    <char id="110" x="256" y="323" width="38" height="48" xoffset="-2" yoffset="18" xadvance="33" page="0" chnl="15" />
    <char id="111" x="372" y="318" width="37" height="48" xoffset="-2" yoffset="18" xadvance="32" page="0" chnl="15" />
    <char id="112" x="0" y="80" width="40" height="63" xoffset="-4" yoffset="18" xadvance="33" page="0" chnl="15" />
    <char id="113" x="41" y="79" width="39" height="63" xoffset="-2" yoffset="18" xadvance="33" page="0" chnl="15" />
    <char id="114" x="447" y="309" width="34" height="48" xoffset="-2" yoffset="18" xadvance="25" page="0" chnl="15" />
    <char id="115" x="35" y="375" width="30" height="48" xoffset="-3" yoffset="18" xadvance="23" page="0" chnl="15" />
    <char id="116" x="0" y="326" width="31" height="55" xoffset="-2" yoffset="11" xadvance="23" page="0" chnl="15" />
    <char id="117" x="217" y="323" width="38" height="48" xoffset="-1" yoffset="18" xadvance="33" page="0" chnl="15" />
    <char id="118" x="334" y="319" width="37" height="48" xoffset="-1" yoffset="18" xadvance="29" page="0" chnl="15" />
    <char id="119" x="87" y="326" width="48" height="48" xoffset="-1" yoffset="18" xadvance="41" page="0" chnl="15" />
    <char id="120" x="136" y="323" width="40" height="48" xoffset="-5" yoffset="18" xadvance="29" page="0" chnl="15" />
    <char id="121" x="198" y="78" width="37" height="63" xoffset="-1" yoffset="18" xadvance="29" page="0" chnl="15" />
    <char id="122" x="295" y="323" width="38" height="48" xoffset="-5" yoffset="18" xadvance="27" page="0" chnl="15" />
    <char id="168" x="122" y="414" width="32" height="18" xoffset="-2" yoffset="7" xadvance="27" page="0" chnl="15" />
    <char id="169" x="325" y="74" width="62" height="62" xoffset="1" yoffset="4" xadvance="60" page="0" chnl="15" />
    <char id="170" x="174" y="372" width="32" height="36" xoffset="0" yoffset="5" xadvance="28" page="0" chnl="15" />
    <char id="171" x="129" y="375" width="44" height="37" xoffset="0" yoffset="24" xadvance="38" page="0" chnl="15" />
    <char id="172" x="415" y="367" width="34" height="24" xoffset="-1" yoffset="28" xadvance="30" page="0" chnl="15" />
    <char id="173" x="87" y="414" width="34" height="18" xoffset="-2" yoffset="28" xadvance="28" page="0" chnl="15" />
    <char id="174" x="262" y="75" width="62" height="62" xoffset="1" yoffset="4" xadvance="60" page="0" chnl="15" />
    <char id="175" x="155" y="413" width="33" height="17" xoffset="-3" yoffset="6" xadvance="27" page="0" chnl="15" />
    <char id="183" x="450" y="358" width="21" height="20" xoffset="0" yoffset="29" xadvance="18" page="0" chnl="15" />
    <char id="184" x="482" y="306" width="26" height="27" xoffset="1" yoffset="54" xadvance="27" page="0" chnl="15" />
  </chars>
</font>
