<?xml version="1.0"?>
<font>
  <info face="Times New Roman" size="80" bold="0" italic="0" charset="" unicode="1" stretchH="100" smooth="1" aa="1" padding="5,5,5,5" spacing="1,1" outline="0"/>
  <common lineHeight="80" base="63" scaleW="512" scaleH="512" pages="1" packed="0" alphaChnl="0" redChnl="3" greenChnl="3" blueChnl="3"/>
  <pages>
    <page id="0" file="pointsfont_0.png" />
  </pages>
  <chars count="101">
    <char id="32" x="465" y="394" width="13" height="11" xoffset="-6" yoffset="74" xadvance="18" page="0" chnl="15" />
    <char id="33" x="388" y="121" width="20" height="59" xoffset="1" yoffset="10" xadvance="22" page="0" chnl="15" />
    <char id="34" x="366" y="411" width="30" height="30" xoffset="-1" yoffset="10" xadvance="28" page="0" chnl="15" />
    <char id="35" x="0" y="137" width="44" height="59" xoffset="-4" yoffset="9" xadvance="35" page="0" chnl="15" />
    <char id="36" x="281" y="0" width="39" height="66" xoffset="-2" yoffset="7" xadvance="35" page="0" chnl="15" />
    <char id="37" x="0" y="77" width="64" height="59" xoffset="-3" yoffset="10" xadvance="58" page="0" chnl="15" />
    <char id="38" x="65" y="77" width="61" height="59" xoffset="-3" yoffset="10" xadvance="54" page="0" chnl="15" />
    <char id="39" x="397" y="411" width="18" height="30" xoffset="-3" yoffset="10" xadvance="12" page="0" chnl="15" />
    <char id="40" x="71" y="0" width="31" height="74" xoffset="-3" yoffset="9" xadvance="23" page="0" chnl="15" />
    <char id="41" x="103" y="0" width="31" height="74" xoffset="-5" yoffset="9" xadvance="23" page="0" chnl="15" />
    <char id="42" x="256" y="415" width="35" height="38" xoffset="-1" yoffset="9" xadvance="33" page="0" chnl="15" />
    <char id="43" x="0" y="372" width="48" height="47" xoffset="-4" yoffset="16" xadvance="39" page="0" chnl="15" />
    <char id="44" x="416" y="406" width="22" height="27" xoffset="-2" yoffset="53" xadvance="18" page="0" chnl="15" />
    <char id="45" x="132" y="461" width="29" height="16" xoffset="-3" yoffset="39" xadvance="23" page="0" chnl="15" />
    <char id="46" x="162" y="461" width="20" height="16" xoffset="-1" yoffset="53" xadvance="18" page="0" chnl="15" />
    <char id="47" x="411" y="0" width="31" height="60" xoffset="-6" yoffset="9" xadvance="19" page="0" chnl="15" />
    <char id="48" x="172" y="135" width="41" height="59" xoffset="-3" yoffset="10" xadvance="35" page="0" chnl="15" />
    <char id="49" x="424" y="180" width="29" height="58" xoffset="3" yoffset="10" xadvance="35" page="0" chnl="15" />
    <char id="50" x="301" y="192" width="42" height="58" xoffset="-4" yoffset="10" xadvance="35" page="0" chnl="15" />
    <char id="51" x="293" y="132" width="38" height="59" xoffset="-3" yoffset="10" xadvance="35" page="0" chnl="15" />
    <char id="52" x="213" y="195" width="43" height="58" xoffset="-5" yoffset="10" xadvance="35" page="0" chnl="15" />
    <char id="53" x="473" y="121" width="38" height="58" xoffset="-2" yoffset="11" xadvance="35" page="0" chnl="15" />
    <char id="54" x="130" y="135" width="41" height="59" xoffset="-3" yoffset="10" xadvance="35" page="0" chnl="15" />
    <char id="55" x="344" y="187" width="41" height="58" xoffset="-3" yoffset="11" xadvance="35" page="0" chnl="15" />
    <char id="56" x="254" y="132" width="38" height="59" xoffset="-1" yoffset="10" xadvance="35" page="0" chnl="15" />
    <char id="57" x="88" y="137" width="41" height="59" xoffset="-3" yoffset="10" xadvance="35" page="0" chnl="15" />
    <char id="58" x="488" y="296" width="19" height="44" xoffset="0" yoffset="25" xadvance="18" page="0" chnl="15" />
    <char id="59" x="434" y="304" width="22" height="55" xoffset="-1" yoffset="25" xadvance="19" page="0" chnl="15" />
    <char id="60" x="97" y="372" width="47" height="44" xoffset="-4" yoffset="18" xadvance="39" page="0" chnl="15" />
    <char id="61" x="0" y="464" width="47" height="24" xoffset="-4" yoffset="26" xadvance="39" page="0" chnl="15" />
    <char id="62" x="49" y="372" width="47" height="44" xoffset="-4" yoffset="18" xadvance="39" page="0" chnl="15" />
    <char id="63" x="475" y="0" width="36" height="59" xoffset="-3" yoffset="10" xadvance="30" page="0" chnl="15" />
    <char id="64" x="0" y="0" width="70" height="76" xoffset="-2" yoffset="9" xadvance="64" page="0" chnl="15" />
    <char id="65" x="62" y="197" width="60" height="58" xoffset="-5" yoffset="10" xadvance="51" page="0" chnl="15" />
    <char id="66" x="455" y="238" width="53" height="57" xoffset="-5" yoffset="11" xadvance="46" page="0" chnl="15" />
    <char id="67" x="363" y="61" width="53" height="59" xoffset="-3" yoffset="10" xadvance="47" page="0" chnl="15" />
    <char id="68" x="0" y="314" width="58" height="57" xoffset="-4" yoffset="11" xadvance="51" page="0" chnl="15" />
    <char id="69" x="59" y="314" width="51" height="57" xoffset="-4" yoffset="11" xadvance="43" page="0" chnl="15" />
    <char id="70" x="313" y="309" width="45" height="57" xoffset="-5" yoffset="11" xadvance="37" page="0" chnl="15" />
    <char id="71" x="305" y="67" width="57" height="59" xoffset="-4" yoffset="10" xadvance="48" page="0" chnl="15" />
    <char id="72" x="333" y="251" width="60" height="57" xoffset="-5" yoffset="11" xadvance="51" page="0" chnl="15" />
    <char id="73" x="403" y="304" width="30" height="57" xoffset="-4" yoffset="11" xadvance="22" page="0" chnl="15" />
    <char id="74" x="386" y="187" width="37" height="58" xoffset="-4" yoffset="11" xadvance="28" page="0" chnl="15" />
    <char id="75" x="210" y="254" width="61" height="57" xoffset="-5" yoffset="11" xadvance="49" page="0" chnl="15" />
    <char id="76" x="163" y="314" width="50" height="57" xoffset="-4" yoffset="11" xadvance="42" page="0" chnl="15" />
    <char id="77" x="76" y="256" width="71" height="57" xoffset="-5" yoffset="11" xadvance="62" page="0" chnl="15" />
    <char id="78" x="409" y="121" width="63" height="58" xoffset="-7" yoffset="11" xadvance="51" page="0" chnl="15" />
    <char id="79" x="247" y="72" width="57" height="59" xoffset="-3" yoffset="10" xadvance="51" page="0" chnl="15" />
    <char id="80" x="265" y="312" width="47" height="57" xoffset="-5" yoffset="11" xadvance="39" page="0" chnl="15" />
    <char id="81" x="223" y="0" width="57" height="71" xoffset="-3" yoffset="10" xadvance="51" page="0" chnl="15" />
    <char id="82" x="454" y="180" width="57" height="57" xoffset="-4" yoffset="11" xadvance="47" page="0" chnl="15" />
    <char id="83" x="45" y="137" width="42" height="59" xoffset="-1" yoffset="10" xadvance="39" page="0" chnl="15" />
    <char id="84" x="214" y="312" width="50" height="57" xoffset="-4" yoffset="11" xadvance="42" page="0" chnl="15" />
    <char id="85" x="0" y="197" width="61" height="58" xoffset="-5" yoffset="11" xadvance="51" page="0" chnl="15" />
    <char id="86" x="394" y="246" width="60" height="57" xoffset="-5" yoffset="11" xadvance="51" page="0" chnl="15" />
    <char id="87" x="0" y="256" width="75" height="57" xoffset="-5" yoffset="11" xadvance="65" page="0" chnl="15" />
    <char id="88" x="272" y="251" width="60" height="57" xoffset="-5" yoffset="11" xadvance="51" page="0" chnl="15" />
    <char id="89" x="148" y="256" width="61" height="57" xoffset="-5" yoffset="11" xadvance="51" page="0" chnl="15" />
    <char id="90" x="111" y="314" width="51" height="57" xoffset="-5" yoffset="11" xadvance="42" page="0" chnl="15" />
    <char id="91" x="195" y="0" width="27" height="72" xoffset="0" yoffset="10" xadvance="24" page="0" chnl="15" />
    <char id="92" x="443" y="0" width="31" height="60" xoffset="-6" yoffset="9" xadvance="19" page="0" chnl="15" />
    <char id="93" x="167" y="0" width="27" height="72" xoffset="-3" yoffset="10" xadvance="24" page="0" chnl="15" />
    <char id="94" x="292" y="415" width="41" height="35" xoffset="-4" yoffset="10" xadvance="33" page="0" chnl="15" />
    <char id="95" x="203" y="460" width="47" height="13" xoffset="-6" yoffset="70" xadvance="35" page="0" chnl="15" />
    <char id="96" x="48" y="464" width="23" height="21" xoffset="-2" yoffset="11" xadvance="22" page="0" chnl="15" />
    <char id="97" x="145" y="372" width="40" height="44" xoffset="-3" yoffset="25" xadvance="31" page="0" chnl="15" />
    <char id="98" x="366" y="0" width="44" height="60" xoffset="-6" yoffset="9" xadvance="35" page="0" chnl="15" />
    <char id="99" x="227" y="370" width="38" height="44" xoffset="-3" yoffset="25" xadvance="31" page="0" chnl="15" />
    <char id="100" x="321" y="0" width="44" height="60" xoffset="-3" yoffset="9" xadvance="35" page="0" chnl="15" />
    <char id="101" x="266" y="370" width="37" height="44" xoffset="-3" yoffset="25" xadvance="30" page="0" chnl="15" />
    <char id="102" x="214" y="133" width="39" height="59" xoffset="-3" yoffset="9" xadvance="24" page="0" chnl="15" />
    <char id="103" x="257" y="192" width="43" height="58" xoffset="-4" yoffset="25" xadvance="34" page="0" chnl="15" />
    <char id="104" x="464" y="61" width="45" height="59" xoffset="-5" yoffset="9" xadvance="35" page="0" chnl="15" />
    <char id="105" x="360" y="127" width="27" height="59" xoffset="-4" yoffset="9" xadvance="19" page="0" chnl="15" />
    <char id="106" x="135" y="0" width="31" height="74" xoffset="-11" yoffset="9" xadvance="20" page="0" chnl="15" />
    <char id="107" x="417" y="61" width="46" height="59" xoffset="-5" yoffset="9" xadvance="35" page="0" chnl="15" />
    <char id="108" x="332" y="127" width="27" height="59" xoffset="-4" yoffset="9" xadvance="18" page="0" chnl="15" />
    <char id="109" x="337" y="367" width="65" height="43" xoffset="-5" yoffset="25" xadvance="54" page="0" chnl="15" />
    <char id="110" x="47" y="420" width="45" height="43" xoffset="-5" yoffset="25" xadvance="35" page="0" chnl="15" />
    <char id="111" x="186" y="372" width="40" height="44" xoffset="-3" yoffset="25" xadvance="34" page="0" chnl="15" />
    <char id="112" x="123" y="197" width="44" height="58" xoffset="-6" yoffset="25" xadvance="35" page="0" chnl="15" />
    <char id="113" x="168" y="195" width="44" height="58" xoffset="-3" yoffset="25" xadvance="35" page="0" chnl="15" />
    <char id="114" x="134" y="417" width="34" height="43" xoffset="-5" yoffset="25" xadvance="23" page="0" chnl="15" />
    <char id="115" x="304" y="370" width="32" height="44" xoffset="-2" yoffset="25" xadvance="27" page="0" chnl="15" />
    <char id="116" x="457" y="296" width="30" height="53" xoffset="-5" yoffset="16" xadvance="19" page="0" chnl="15" />
    <char id="117" x="465" y="350" width="46" height="43" xoffset="-6" yoffset="26" xadvance="35" page="0" chnl="15" />
    <char id="118" x="0" y="420" width="46" height="43" xoffset="-6" yoffset="26" xadvance="34" page="0" chnl="15" />
    <char id="119" x="403" y="362" width="61" height="43" xoffset="-5" yoffset="26" xadvance="51" page="0" chnl="15" />
    <char id="120" x="169" y="417" width="45" height="42" xoffset="-5" yoffset="26" xadvance="35" page="0" chnl="15" />
    <char id="121" x="359" y="309" width="43" height="57" xoffset="-5" yoffset="26" xadvance="33" page="0" chnl="15" />
    <char id="122" x="215" y="417" width="40" height="42" xoffset="-4" yoffset="26" xadvance="31" page="0" chnl="15" />
    <char id="168" x="72" y="464" width="29" height="16" xoffset="-4" yoffset="14" xadvance="21" page="0" chnl="15" />
    <char id="169" x="127" y="75" width="59" height="59" xoffset="-3" yoffset="10" xadvance="53" page="0" chnl="15" />
    <char id="170" x="334" y="415" width="31" height="31" xoffset="-6" yoffset="10" xadvance="19" page="0" chnl="15" />
    <char id="171" x="93" y="417" width="40" height="43" xoffset="-4" yoffset="25" xadvance="32" page="0" chnl="15" />
    <char id="172" x="439" y="406" width="48" height="24" xoffset="-5" yoffset="28" xadvance="39" page="0" chnl="15" />
    <char id="173" x="102" y="461" width="29" height="16" xoffset="-3" yoffset="39" xadvance="23" page="0" chnl="15" />
    <char id="174" x="187" y="73" width="59" height="59" xoffset="-3" yoffset="10" xadvance="53" page="0" chnl="15" />
    <char id="175" x="251" y="460" width="47" height="13" xoffset="-6" yoffset="5" xadvance="35" page="0" chnl="15" />
    <char id="183" x="183" y="460" width="19" height="16" xoffset="2" yoffset="32" xadvance="23" page="0" chnl="15" />
    <char id="184" x="488" y="394" width="21" height="24" xoffset="0" yoffset="58" xadvance="21" page="0" chnl="15" />
  </chars>
  <kernings count="100">
    <kerning first="32" second="65" amount="-4" />
    <kerning first="32" second="84" amount="-1" />
    <kerning first="32" second="86" amount="-1" />
    <kerning first="32" second="87" amount="-1" />
    <kerning first="32" second="89" amount="-3" />
    <kerning first="121" second="46" amount="-5" />
    <kerning first="121" second="44" amount="-5" />
    <kerning first="119" second="46" amount="-5" />
    <kerning first="119" second="44" amount="-5" />
    <kerning first="118" second="46" amount="-5" />
    <kerning first="118" second="44" amount="-5" />
    <kerning first="114" second="103" amount="-1" />
    <kerning first="49" second="49" amount="-3" />
    <kerning first="65" second="32" amount="-4" />
    <kerning first="65" second="84" amount="-8" />
    <kerning first="65" second="86" amount="-9" />
    <kerning first="65" second="87" amount="-6" />
    <kerning first="65" second="89" amount="-7" />
    <kerning first="65" second="118" amount="-5" />
    <kerning first="65" second="119" amount="-7" />
    <kerning first="65" second="121" amount="-7" />
    <kerning first="114" second="46" amount="-4" />
    <kerning first="70" second="44" amount="-6" />
    <kerning first="70" second="46" amount="-6" />
    <kerning first="70" second="65" amount="-5" />
    <kerning first="76" second="32" amount="-3" />
    <kerning first="76" second="84" amount="-7" />
    <kerning first="76" second="86" amount="-7" />
    <kerning first="76" second="87" amount="-5" />
    <kerning first="76" second="89" amount="-7" />
    <kerning first="76" second="121" amount="-4" />
    <kerning first="114" second="45" amount="-1" />
    <kerning first="80" second="32" amount="-3" />
    <kerning first="80" second="44" amount="-8" />
    <kerning first="80" second="46" amount="-8" />
    <kerning first="80" second="65" amount="-7" />
    <kerning first="82" second="84" amount="-4" />
    <kerning first="82" second="86" amount="-6" />
    <kerning first="82" second="87" amount="-4" />
    <kerning first="82" second="89" amount="-4" />
    <kerning first="82" second="121" amount="-3" />
    <kerning first="84" second="32" amount="-1" />
    <kerning first="84" second="44" amount="-5" />
    <kerning first="84" second="45" amount="-7" />
    <kerning first="84" second="46" amount="-5" />
    <kerning first="84" second="58" amount="-4" />
    <kerning first="114" second="44" amount="-3" />
    <kerning first="84" second="65" amount="-6" />
    <kerning first="84" second="79" amount="-1" />
    <kerning first="84" second="97" amount="-5" />
    <kerning first="84" second="99" amount="-5" />
    <kerning first="84" second="101" amount="-5" />
    <kerning first="84" second="105" amount="-3" />
    <kerning first="84" second="111" amount="-5" />
    <kerning first="84" second="114" amount="-3" />
    <kerning first="84" second="115" amount="-5" />
    <kerning first="84" second="117" amount="-3" />
    <kerning first="84" second="119" amount="-5" />
    <kerning first="84" second="121" amount="-5" />
    <kerning first="86" second="32" amount="-1" />
    <kerning first="86" second="44" amount="-9" />
    <kerning first="86" second="45" amount="-7" />
    <kerning first="86" second="46" amount="-9" />
    <kerning first="86" second="58" amount="-5" />
    <kerning first="102" second="102" amount="-1" />
    <kerning first="86" second="65" amount="-9" />
    <kerning first="86" second="97" amount="-8" />
    <kerning first="86" second="101" amount="-8" />
    <kerning first="86" second="105" amount="-4" />
    <kerning first="86" second="111" amount="-9" />
    <kerning first="86" second="114" amount="-4" />
    <kerning first="86" second="117" amount="-4" />
    <kerning first="86" second="121" amount="-8" />
    <kerning first="87" second="32" amount="-1" />
    <kerning first="87" second="44" amount="-7" />
    <kerning first="87" second="45" amount="-4" />
    <kerning first="87" second="46" amount="-7" />
    <kerning first="87" second="58" amount="-3" />
    <kerning first="89" second="118" amount="-7" />
    <kerning first="87" second="65" amount="-8" />
    <kerning first="87" second="97" amount="-6" />
    <kerning first="87" second="101" amount="-6" />
    <kerning first="87" second="105" amount="-3" />
    <kerning first="87" second="111" amount="-6" />
    <kerning first="87" second="114" amount="-3" />
    <kerning first="87" second="117" amount="-3" />
    <kerning first="87" second="121" amount="-4" />
    <kerning first="89" second="32" amount="-3" />
    <kerning first="89" second="44" amount="-9" />
    <kerning first="89" second="45" amount="-8" />
    <kerning first="89" second="46" amount="-9" />
    <kerning first="89" second="58" amount="-7" />
    <kerning first="89" second="117" amount="-8" />
    <kerning first="89" second="65" amount="-8" />
    <kerning first="89" second="97" amount="-7" />
    <kerning first="89" second="101" amount="-7" />
    <kerning first="89" second="105" amount="-4" />
    <kerning first="89" second="111" amount="-7" />
    <kerning first="89" second="112" amount="-7" />
    <kerning first="89" second="113" amount="-8" />
  </kernings>
</font>
