<?xml version="1.0"?>
<font>
  <info face="Impact" size="150" bold="0" italic="0" charset="" unicode="1" stretchH="100" smooth="1" aa="1" padding="5,5,10,5" spacing="1,1" outline="0"/>
  <common lineHeight="150" base="124" scaleW="512" scaleH="256" pages="1" packed="0" alphaChnl="0" redChnl="3" greenChnl="3" blueChnl="3"/>
  <pages>
    <page id="0" file="pointsfont_0.png" />
  </pages>
  <chars count="12">
    <char id="44" x="182" y="115" width="28" height="46" xoffset="-4" yoffset="100" xadvance="20" page="0" chnl="15" />
    <char id="46" x="211" y="115" width="30" height="34" xoffset="-4" yoffset="100" xadvance="22" page="0" chnl="15" />
    <char id="48" x="279" y="0" width="67" height="114" xoffset="-1" yoffset="22" xadvance="65" page="0" chnl="15" />
    <char id="49" x="129" y="116" width="52" height="111" xoffset="-5" yoffset="23" xadvance="46" page="0" chnl="15" />
    <char id="50" x="417" y="0" width="67" height="112" xoffset="-3" yoffset="22" xadvance="61" page="0" chnl="15" />
    <char id="51" x="70" y="0" width="68" height="115" xoffset="-2" yoffset="21" xadvance="64" page="0" chnl="15" />
    <char id="52" x="0" y="116" width="70" height="111" xoffset="-5" yoffset="23" xadvance="60" page="0" chnl="15" />
    <char id="53" x="347" y="0" width="69" height="113" xoffset="-2" yoffset="23" xadvance="65" page="0" chnl="15" />
    <char id="54" x="0" y="0" width="69" height="115" xoffset="-1" yoffset="21" xadvance="66" page="0" chnl="15" />
    <char id="55" x="71" y="116" width="57" height="111" xoffset="-5" yoffset="23" xadvance="47" page="0" chnl="15" />
    <char id="56" x="139" y="0" width="69" height="114" xoffset="-2" yoffset="22" xadvance="65" page="0" chnl="15" />
    <char id="57" x="209" y="0" width="69" height="114" xoffset="-1" yoffset="22" xadvance="66" page="0" chnl="15" />
  </chars>
  <kernings count="13">
    <kerning first="55" second="55" amount="2" />
    <kerning first="55" second="52" amount="-2" />
    <kerning first="55" second="51" amount="2" />
    <kerning first="55" second="49" amount="3" />
    <kerning first="54" second="55" amount="-2" />
    <kerning first="54" second="50" amount="-1" />
    <kerning first="53" second="55" amount="-4" />
    <kerning first="53" second="50" amount="-2" />
    <kerning first="50" second="52" amount="-2" />
    <kerning first="51" second="55" amount="-1" />
    <kerning first="52" second="49" amount="-3" />
    <kerning first="52" second="55" amount="-2" />
    <kerning first="53" second="49" amount="-4" />
  </kernings>
</font>
