<?xml version="1.0"?>
<font>
  <info face="Times New Roman" size="80" bold="1" italic="0" charset="" unicode="1" stretchH="100" smooth="1" aa="1" padding="5,5,5,5" spacing="1,1" outline="0"/>
  <common lineHeight="79" base="64" scaleW="512" scaleH="512" pages="1" packed="0" alphaChnl="0" redChnl="3" greenChnl="3" blueChnl="3"/>
  <pages>
    <page id="0" file="teslafont_0.png" />
  </pages>
  <chars count="101">
    <char id="32" x="118" y="497" width="13" height="11" xoffset="-6" yoffset="73" xadvance="18" page="0" chnl="15" />
    <char id="33" x="113" y="134" width="23" height="59" xoffset="0" yoffset="11" xadvance="23" page="0" chnl="15" />
    <char id="34" x="25" y="471" width="38" height="32" xoffset="0" yoffset="11" xadvance="39" page="0" chnl="15" />
    <char id="35" x="418" y="300" width="43" height="57" xoffset="-4" yoffset="12" xadvance="35" page="0" chnl="15" />
    <char id="36" x="285" y="0" width="42" height="63" xoffset="-3" yoffset="10" xadvance="35" page="0" chnl="15" />
    <char id="37" x="328" y="0" width="74" height="59" xoffset="0" yoffset="11" xadvance="73" page="0" chnl="15" />
    <char id="38" x="403" y="0" width="64" height="59" xoffset="-3" yoffset="11" xadvance="58" page="0" chnl="15" />
    <char id="39" x="64" y="471" width="21" height="32" xoffset="-1" yoffset="11" xadvance="19" page="0" chnl="15" />
    <char id="40" x="73" y="0" width="31" height="73" xoffset="-3" yoffset="11" xadvance="23" page="0" chnl="15" />
    <char id="41" x="105" y="0" width="31" height="73" xoffset="-5" yoffset="11" xadvance="23" page="0" chnl="15" />
    <char id="42" x="424" y="408" width="39" height="36" xoffset="-2" yoffset="11" xadvance="35" page="0" chnl="15" />
    <char id="43" x="125" y="369" width="49" height="47" xoffset="-4" yoffset="17" xadvance="40" page="0" chnl="15" />
    <char id="44" x="0" y="471" width="24" height="33" xoffset="-3" yoffset="48" xadvance="18" page="0" chnl="15" />
    <char id="45" x="349" y="454" width="31" height="17" xoffset="-4" yoffset="39" xadvance="23" page="0" chnl="15" />
    <char id="46" x="268" y="457" width="22" height="21" xoffset="-2" yoffset="49" xadvance="18" page="0" chnl="15" />
    <char id="47" x="81" y="134" width="31" height="59" xoffset="-6" yoffset="11" xadvance="19" page="0" chnl="15" />
    <char id="48" x="0" y="134" width="41" height="59" xoffset="-3" yoffset="11" xadvance="35" page="0" chnl="15" />
    <char id="49" x="397" y="183" width="36" height="58" xoffset="-1" yoffset="11" xadvance="35" page="0" chnl="15" />
    <char id="50" x="273" y="191" width="41" height="58" xoffset="-4" yoffset="11" xadvance="35" page="0" chnl="15" />
    <char id="51" x="468" y="0" width="42" height="59" xoffset="-5" yoffset="11" xadvance="35" page="0" chnl="15" />
    <char id="52" x="187" y="193" width="42" height="58" xoffset="-4" yoffset="11" xadvance="35" page="0" chnl="15" />
    <char id="53" x="315" y="189" width="41" height="58" xoffset="-3" yoffset="12" xadvance="35" page="0" chnl="15" />
    <char id="54" x="348" y="60" width="42" height="59" xoffset="-3" yoffset="11" xadvance="35" page="0" chnl="15" />
    <char id="55" x="462" y="296" width="42" height="57" xoffset="-3" yoffset="12" xadvance="35" page="0" chnl="15" />
    <char id="56" x="434" y="60" width="41" height="59" xoffset="-3" yoffset="11" xadvance="35" page="0" chnl="15" />
    <char id="57" x="391" y="60" width="42" height="59" xoffset="-4" yoffset="11" xadvance="35" page="0" chnl="15" />
    <char id="58" x="372" y="364" width="23" height="44" xoffset="0" yoffset="26" xadvance="23" page="0" chnl="15" />
    <char id="59" x="99" y="369" width="25" height="55" xoffset="-1" yoffset="26" xadvance="23" page="0" chnl="15" />
    <char id="60" x="461" y="358" width="49" height="43" xoffset="-4" yoffset="20" xadvance="40" page="0" chnl="15" />
    <char id="61" x="118" y="469" width="49" height="27" xoffset="-4" yoffset="28" xadvance="40" page="0" chnl="15" />
    <char id="62" x="63" y="427" width="48" height="43" xoffset="-4" yoffset="20" xadvance="40" page="0" chnl="15" />
    <char id="63" x="42" y="134" width="38" height="59" xoffset="-1" yoffset="11" xadvance="35" page="0" chnl="15" />
    <char id="64" x="0" y="0" width="72" height="73" xoffset="-3" yoffset="11" xadvance="65" page="0" chnl="15" />
    <char id="65" x="217" y="132" width="61" height="58" xoffset="-5" yoffset="11" xadvance="51" page="0" chnl="15" />
    <char id="66" x="55" y="311" width="54" height="57" xoffset="-4" yoffset="12" xadvance="47" page="0" chnl="15" />
    <char id="67" x="246" y="70" width="56" height="59" xoffset="-3" yoffset="11" xadvance="51" page="0" chnl="15" />
    <char id="68" x="389" y="242" width="59" height="57" xoffset="-5" yoffset="12" xadvance="51" page="0" chnl="15" />
    <char id="69" x="0" y="311" width="54" height="57" xoffset="-4" yoffset="12" xadvance="47" page="0" chnl="15" />
    <char id="70" x="219" y="310" width="50" height="57" xoffset="-4" yoffset="12" xadvance="42" page="0" chnl="15" />
    <char id="71" x="0" y="74" width="62" height="59" xoffset="-3" yoffset="11" xadvance="54" page="0" chnl="15" />
    <char id="72" x="141" y="252" width="63" height="57" xoffset="-4" yoffset="12" xadvance="54" page="0" chnl="15" />
    <char id="73" x="0" y="369" width="35" height="57" xoffset="-4" yoffset="12" xadvance="27" page="0" chnl="15" />
    <char id="74" x="141" y="193" width="45" height="58" xoffset="-5" yoffset="12" xadvance="35" page="0" chnl="15" />
    <char id="75" x="76" y="253" width="64" height="57" xoffset="-4" yoffset="12" xadvance="54" page="0" chnl="15" />
    <char id="76" x="449" y="238" width="54" height="57" xoffset="-4" yoffset="12" xadvance="47" page="0" chnl="15" />
    <char id="77" x="0" y="253" width="75" height="57" xoffset="-4" yoffset="12" xadvance="66" page="0" chnl="15" />
    <char id="78" x="401" y="120" width="60" height="58" xoffset="-5" yoffset="12" xadvance="51" page="0" chnl="15" />
    <char id="79" x="63" y="74" width="60" height="59" xoffset="-3" yoffset="11" xadvance="54" page="0" chnl="15" />
    <char id="80" x="270" y="308" width="50" height="57" xoffset="-4" yoffset="12" xadvance="42" page="0" chnl="15" />
    <char id="81" x="223" y="0" width="61" height="69" xoffset="-3" yoffset="11" xadvance="54" page="0" chnl="15" />
    <char id="82" x="205" y="252" width="61" height="57" xoffset="-4" yoffset="12" xadvance="51" page="0" chnl="15" />
    <char id="83" x="303" y="64" width="44" height="59" xoffset="-2" yoffset="11" xadvance="39" page="0" chnl="15" />
    <char id="84" x="165" y="310" width="53" height="57" xoffset="-3" yoffset="12" xadvance="47" page="0" chnl="15" />
    <char id="85" x="340" y="124" width="60" height="58" xoffset="-4" yoffset="12" xadvance="51" page="0" chnl="15" />
    <char id="86" x="279" y="130" width="60" height="58" xoffset="-5" yoffset="12" xadvance="50" page="0" chnl="15" />
    <char id="87" x="137" y="134" width="79" height="58" xoffset="-5" yoffset="12" xadvance="70" page="0" chnl="15" />
    <char id="88" x="328" y="248" width="60" height="57" xoffset="-5" yoffset="12" xadvance="50" page="0" chnl="15" />
    <char id="89" x="267" y="250" width="60" height="57" xoffset="-5" yoffset="12" xadvance="51" page="0" chnl="15" />
    <char id="90" x="110" y="311" width="54" height="57" xoffset="-4" yoffset="12" xadvance="46" page="0" chnl="15" />
    <char id="91" x="169" y="0" width="26" height="71" xoffset="1" yoffset="12" xadvance="23" page="0" chnl="15" />
    <char id="92" x="476" y="60" width="31" height="59" xoffset="-6" yoffset="11" xadvance="19" page="0" chnl="15" />
    <char id="93" x="196" y="0" width="26" height="71" xoffset="-4" yoffset="12" xadvance="23" page="0" chnl="15" />
    <char id="94" x="464" y="402" width="41" height="34" xoffset="0" yoffset="12" xadvance="41" page="0" chnl="15" />
    <char id="95" x="413" y="452" width="49" height="15" xoffset="-7" yoffset="69" xadvance="35" page="0" chnl="15" />
    <char id="96" x="242" y="457" width="25" height="21" xoffset="-4" yoffset="12" xadvance="23" page="0" chnl="15" />
    <char id="97" x="175" y="368" width="42" height="44" xoffset="-3" yoffset="26" xadvance="35" page="0" chnl="15" />
    <char id="98" x="94" y="194" width="46" height="58" xoffset="-4" yoffset="12" xadvance="39" page="0" chnl="15" />
    <char id="99" x="299" y="366" width="38" height="44" xoffset="-3" yoffset="26" xadvance="31" page="0" chnl="15" />
    <char id="100" x="462" y="120" width="46" height="58" xoffset="-3" yoffset="12" xadvance="39" page="0" chnl="15" />
    <char id="101" x="260" y="368" width="38" height="44" xoffset="-3" yoffset="26" xadvance="31" page="0" chnl="15" />
    <char id="102" x="357" y="183" width="39" height="58" xoffset="-4" yoffset="11" xadvance="24" page="0" chnl="15" />
    <char id="103" x="230" y="191" width="42" height="58" xoffset="-3" yoffset="26" xadvance="35" page="0" chnl="15" />
    <char id="104" x="463" y="179" width="46" height="57" xoffset="-3" yoffset="12" xadvance="39" page="0" chnl="15" />
    <char id="105" x="434" y="179" width="28" height="58" xoffset="-4" yoffset="11" xadvance="19" page="0" chnl="15" />
    <char id="106" x="137" y="0" width="31" height="73" xoffset="-8" yoffset="11" xadvance="23" page="0" chnl="15" />
    <char id="107" x="321" y="308" width="49" height="57" xoffset="-3" yoffset="12" xadvance="40" page="0" chnl="15" />
    <char id="108" x="36" y="369" width="28" height="57" xoffset="-4" yoffset="12" xadvance="19" page="0" chnl="15" />
    <char id="109" x="396" y="364" width="64" height="43" xoffset="-3" yoffset="26" xadvance="57" page="0" chnl="15" />
    <char id="110" x="160" y="417" width="46" height="43" xoffset="-3" yoffset="26" xadvance="39" page="0" chnl="15" />
    <char id="111" x="218" y="368" width="41" height="44" xoffset="-3" yoffset="26" xadvance="35" page="0" chnl="15" />
    <char id="112" x="47" y="194" width="46" height="58" xoffset="-4" yoffset="26" xadvance="39" page="0" chnl="15" />
    <char id="113" x="0" y="194" width="46" height="58" xoffset="-3" yoffset="26" xadvance="39" page="0" chnl="15" />
    <char id="114" x="253" y="413" width="39" height="43" xoffset="-3" yoffset="26" xadvance="31" page="0" chnl="15" />
    <char id="115" x="338" y="366" width="33" height="44" xoffset="-3" yoffset="26" xadvance="27" page="0" chnl="15" />
    <char id="116" x="65" y="369" width="33" height="55" xoffset="-5" yoffset="15" xadvance="23" page="0" chnl="15" />
    <char id="117" x="112" y="425" width="47" height="43" xoffset="-4" yoffset="27" xadvance="39" page="0" chnl="15" />
    <char id="118" x="207" y="413" width="45" height="43" xoffset="-5" yoffset="27" xadvance="35" page="0" chnl="15" />
    <char id="119" x="0" y="427" width="62" height="43" xoffset="-5" yoffset="27" xadvance="52" page="0" chnl="15" />
    <char id="120" x="293" y="413" width="44" height="42" xoffset="-4" yoffset="27" xadvance="35" page="0" chnl="15" />
    <char id="121" x="371" y="306" width="46" height="57" xoffset="-5" yoffset="27" xadvance="36" page="0" chnl="15" />
    <char id="122" x="382" y="409" width="41" height="42" xoffset="-5" yoffset="27" xadvance="31" page="0" chnl="15" />
    <char id="168" x="291" y="457" width="35" height="20" xoffset="-4" yoffset="12" xadvance="26" page="0" chnl="15" />
    <char id="169" x="124" y="74" width="60" height="59" xoffset="-4" yoffset="11" xadvance="52" page="0" chnl="15" />
    <char id="170" x="86" y="471" width="31" height="30" xoffset="-4" yoffset="11" xadvance="21" page="0" chnl="15" />
    <char id="171" x="338" y="411" width="43" height="42" xoffset="-4" yoffset="27" xadvance="35" page="0" chnl="15" />
    <char id="172" x="168" y="461" width="49" height="26" xoffset="-4" yoffset="28" xadvance="40" page="0" chnl="15" />
    <char id="173" x="381" y="454" width="31" height="17" xoffset="-4" yoffset="39" xadvance="23" page="0" chnl="15" />
    <char id="174" x="185" y="72" width="60" height="59" xoffset="-4" yoffset="11" xadvance="52" page="0" chnl="15" />
    <char id="175" x="463" y="445" width="47" height="15" xoffset="-6" yoffset="4" xadvance="35" page="0" chnl="15" />
    <char id="183" x="327" y="456" width="21" height="20" xoffset="1" yoffset="29" xadvance="23" page="0" chnl="15" />
    <char id="184" x="218" y="457" width="23" height="23" xoffset="-1" yoffset="59" xadvance="23" page="0" chnl="15" />
  </chars>
  <kernings count="105">
    <kerning first="32" second="65" amount="-4" />
    <kerning first="32" second="84" amount="-1" />
    <kerning first="32" second="86" amount="-1" />
    <kerning first="32" second="87" amount="-1" />
    <kerning first="32" second="89" amount="-3" />
    <kerning first="121" second="46" amount="-4" />
    <kerning first="121" second="44" amount="-4" />
    <kerning first="119" second="46" amount="-4" />
    <kerning first="119" second="44" amount="-4" />
    <kerning first="118" second="46" amount="-4" />
    <kerning first="118" second="44" amount="-4" />
    <kerning first="114" second="113" amount="-1" />
    <kerning first="49" second="49" amount="-4" />
    <kerning first="65" second="32" amount="-4" />
    <kerning first="65" second="84" amount="-5" />
    <kerning first="65" second="86" amount="-9" />
    <kerning first="65" second="87" amount="-8" />
    <kerning first="65" second="89" amount="-7" />
    <kerning first="65" second="118" amount="-5" />
    <kerning first="65" second="119" amount="-5" />
    <kerning first="65" second="121" amount="-5" />
    <kerning first="114" second="111" amount="-1" />
    <kerning first="70" second="32" amount="-3" />
    <kerning first="70" second="44" amount="-7" />
    <kerning first="70" second="46" amount="-7" />
    <kerning first="70" second="65" amount="-5" />
    <kerning first="76" second="32" amount="-4" />
    <kerning first="76" second="84" amount="-7" />
    <kerning first="76" second="86" amount="-7" />
    <kerning first="76" second="87" amount="-7" />
    <kerning first="76" second="89" amount="-7" />
    <kerning first="76" second="121" amount="-4" />
    <kerning first="114" second="101" amount="-1" />
    <kerning first="80" second="32" amount="-4" />
    <kerning first="80" second="44" amount="-7" />
    <kerning first="80" second="46" amount="-7" />
    <kerning first="80" second="65" amount="-5" />
    <kerning first="82" second="84" amount="-3" />
    <kerning first="82" second="86" amount="-3" />
    <kerning first="82" second="87" amount="-3" />
    <kerning first="82" second="89" amount="-3" />
    <kerning first="82" second="121" amount="-3" />
    <kerning first="84" second="32" amount="-1" />
    <kerning first="84" second="44" amount="-5" />
    <kerning first="84" second="45" amount="-7" />
    <kerning first="84" second="46" amount="-5" />
    <kerning first="84" second="58" amount="-5" />
    <kerning first="114" second="99" amount="-1" />
    <kerning first="84" second="65" amount="-5" />
    <kerning first="84" second="79" amount="-1" />
    <kerning first="84" second="97" amount="-7" />
    <kerning first="84" second="99" amount="-7" />
    <kerning first="84" second="101" amount="-7" />
    <kerning first="84" second="105" amount="-1" />
    <kerning first="84" second="111" amount="-7" />
    <kerning first="84" second="114" amount="-5" />
    <kerning first="84" second="115" amount="-7" />
    <kerning first="84" second="117" amount="-7" />
    <kerning first="84" second="119" amount="-5" />
    <kerning first="84" second="121" amount="-5" />
    <kerning first="86" second="32" amount="-1" />
    <kerning first="86" second="44" amount="-9" />
    <kerning first="86" second="45" amount="-5" />
    <kerning first="86" second="46" amount="-9" />
    <kerning first="86" second="58" amount="-7" />
    <kerning first="114" second="46" amount="-7" />
    <kerning first="86" second="65" amount="-9" />
    <kerning first="86" second="79" amount="-1" />
    <kerning first="86" second="97" amount="-7" />
    <kerning first="86" second="101" amount="-7" />
    <kerning first="86" second="105" amount="-3" />
    <kerning first="86" second="111" amount="-7" />
    <kerning first="86" second="114" amount="-5" />
    <kerning first="86" second="117" amount="-7" />
    <kerning first="86" second="121" amount="-7" />
    <kerning first="87" second="32" amount="-1" />
    <kerning first="87" second="44" amount="-7" />
    <kerning first="87" second="45" amount="-3" />
    <kerning first="87" second="46" amount="-7" />
    <kerning first="87" second="58" amount="-4" />
    <kerning first="114" second="45" amount="-3" />
    <kerning first="87" second="65" amount="-8" />
    <kerning first="87" second="97" amount="-4" />
    <kerning first="87" second="101" amount="-4" />
    <kerning first="87" second="105" amount="-1" />
    <kerning first="87" second="111" amount="-4" />
    <kerning first="87" second="114" amount="-1" />
    <kerning first="87" second="117" amount="-1" />
    <kerning first="87" second="121" amount="-3" />
    <kerning first="89" second="32" amount="-3" />
    <kerning first="89" second="44" amount="-7" />
    <kerning first="89" second="45" amount="-7" />
    <kerning first="89" second="46" amount="-7" />
    <kerning first="89" second="58" amount="-7" />
    <kerning first="114" second="44" amount="-7" />
    <kerning first="89" second="65" amount="-7" />
    <kerning first="89" second="97" amount="-8" />
    <kerning first="89" second="101" amount="-8" />
    <kerning first="89" second="105" amount="-3" />
    <kerning first="89" second="111" amount="-8" />
    <kerning first="89" second="112" amount="-7" />
    <kerning first="89" second="113" amount="-8" />
    <kerning first="89" second="117" amount="-7" />
    <kerning first="89" second="118" amount="-8" />
    <kerning first="114" second="32" amount="-1" />
  </kernings>
</font>
