<?xml version="1.0"?>
<font>
  <info face="Contrail One" size="30" bold="0" italic="0" charset="" unicode="1" stretchH="100" smooth="1" aa="1" padding="5,5,5,5" spacing="1,1" outline="0"/>
  <common lineHeight="30" base="23" scaleW="256" scaleH="256" pages="1" packed="0" alphaChnl="0" redChnl="3" greenChnl="3" blueChnl="3"/>
  <pages>
    <page id="0" file="contrail_small_0.png" />
  </pages>
  <chars count="101">
    <char id="32" x="182" y="225" width="13" height="11" xoffset="-6" yoffset="24" xadvance="5" page="0" chnl="15" />
    <char id="33" x="79" y="97" width="17" height="29" xoffset="-5" yoffset="-1" xadvance="7" page="0" chnl="15" />
    <char id="34" x="205" y="207" width="20" height="17" xoffset="-3" yoffset="-2" xadvance="11" page="0" chnl="15" />
    <char id="35" x="0" y="67" width="26" height="29" xoffset="-5" yoffset="-1" xadvance="15" page="0" chnl="15" />
    <char id="36" x="176" y="0" width="19" height="34" xoffset="-4" yoffset="-3" xadvance="11" page="0" chnl="15" />
    <char id="37" x="27" y="67" width="26" height="29" xoffset="-4" yoffset="-1" xadvance="17" page="0" chnl="15" />
    <char id="38" x="54" y="67" width="23" height="29" xoffset="-5" yoffset="-1" xadvance="12" page="0" chnl="15" />
    <char id="39" x="240" y="179" width="15" height="17" xoffset="-3" yoffset="-2" xadvance="6" page="0" chnl="15" />
    <char id="40" x="0" y="0" width="20" height="35" xoffset="-4" yoffset="-2" xadvance="8" page="0" chnl="15" />
    <char id="41" x="83" y="0" width="19" height="35" xoffset="-7" yoffset="-2" xadvance="8" page="0" chnl="15" />
    <char id="42" x="81" y="210" width="21" height="20" xoffset="-4" yoffset="-2" xadvance="12" page="0" chnl="15" />
    <char id="43" x="123" y="210" width="20" height="19" xoffset="-4" yoffset="5" xadvance="11" page="0" chnl="15" />
    <char id="44" x="165" y="209" width="16" height="18" xoffset="-5" yoffset="14" xadvance="7" page="0" chnl="15" />
    <char id="45" x="103" y="231" width="20" height="13" xoffset="-4" yoffset="8" xadvance="11" page="0" chnl="15" />
    <char id="46" x="86" y="231" width="16" height="14" xoffset="-5" yoffset="14" xadvance="7" page="0" chnl="15" />
    <char id="47" x="42" y="0" width="20" height="35" xoffset="-7" yoffset="-2" xadvance="6" page="0" chnl="15" />
    <char id="48" x="230" y="64" width="20" height="29" xoffset="-4" yoffset="-1" xadvance="11" page="0" chnl="15" />
    <char id="49" x="21" y="97" width="19" height="29" xoffset="-4" yoffset="-1" xadvance="11" page="0" chnl="15" />
    <char id="50" x="146" y="66" width="20" height="29" xoffset="-4" yoffset="-1" xadvance="11" page="0" chnl="15" />
    <char id="51" x="0" y="97" width="20" height="29" xoffset="-4" yoffset="-1" xadvance="11" page="0" chnl="15" />
    <char id="52" x="101" y="67" width="22" height="29" xoffset="-5" yoffset="-1" xadvance="11" page="0" chnl="15" />
    <char id="53" x="167" y="66" width="20" height="29" xoffset="-4" yoffset="-1" xadvance="11" page="0" chnl="15" />
    <char id="54" x="188" y="66" width="20" height="29" xoffset="-4" yoffset="-1" xadvance="11" page="0" chnl="15" />
    <char id="55" x="209" y="66" width="20" height="29" xoffset="-3" yoffset="-1" xadvance="11" page="0" chnl="15" />
    <char id="56" x="78" y="67" width="22" height="29" xoffset="-5" yoffset="-1" xadvance="11" page="0" chnl="15" />
    <char id="57" x="124" y="67" width="21" height="29" xoffset="-4" yoffset="-1" xadvance="11" page="0" chnl="15" />
    <char id="58" x="0" y="210" width="17" height="23" xoffset="-5" yoffset="5" xadvance="7" page="0" chnl="15" />
    <char id="59" x="182" y="154" width="17" height="27" xoffset="-5" yoffset="5" xadvance="7" page="0" chnl="15" />
    <char id="60" x="18" y="210" width="18" height="21" xoffset="-3" yoffset="5" xadvance="11" page="0" chnl="15" />
    <char id="61" x="144" y="209" width="20" height="19" xoffset="-4" yoffset="5" xadvance="11" page="0" chnl="15" />
    <char id="62" x="37" y="210" width="18" height="21" xoffset="-3" yoffset="5" xadvance="11" page="0" chnl="15" />
    <char id="63" x="41" y="97" width="19" height="29" xoffset="-4" yoffset="-1" xadvance="10" page="0" chnl="15" />
    <char id="64" x="142" y="0" width="33" height="34" xoffset="-4" yoffset="-1" xadvance="25" page="0" chnl="15" />
    <char id="65" x="180" y="125" width="21" height="28" xoffset="-5" yoffset="0" xadvance="11" page="0" chnl="15" />
    <char id="66" x="136" y="126" width="21" height="28" xoffset="-4" yoffset="0" xadvance="12" page="0" chnl="15" />
    <char id="67" x="0" y="156" width="20" height="28" xoffset="-4" yoffset="0" xadvance="10" page="0" chnl="15" />
    <char id="68" x="176" y="96" width="22" height="28" xoffset="-4" yoffset="0" xadvance="12" page="0" chnl="15" />
    <char id="69" x="21" y="156" width="20" height="28" xoffset="-4" yoffset="0" xadvance="11" page="0" chnl="15" />
    <char id="70" x="224" y="125" width="20" height="28" xoffset="-4" yoffset="0" xadvance="10" page="0" chnl="15" />
    <char id="71" x="42" y="156" width="20" height="28" xoffset="-4" yoffset="0" xadvance="11" page="0" chnl="15" />
    <char id="72" x="222" y="96" width="22" height="28" xoffset="-4" yoffset="0" xadvance="12" page="0" chnl="15" />
    <char id="73" x="145" y="155" width="16" height="28" xoffset="-4" yoffset="0" xadvance="7" page="0" chnl="15" />
    <char id="74" x="84" y="156" width="20" height="28" xoffset="-6" yoffset="0" xadvance="8" page="0" chnl="15" />
    <char id="75" x="69" y="127" width="22" height="28" xoffset="-4" yoffset="0" xadvance="11" page="0" chnl="15" />
    <char id="76" x="125" y="155" width="19" height="28" xoffset="-4" yoffset="0" xadvance="10" page="0" chnl="15" />
    <char id="77" x="125" y="97" width="25" height="28" xoffset="-4" yoffset="0" xadvance="16" page="0" chnl="15" />
    <char id="78" x="0" y="127" width="22" height="28" xoffset="-4" yoffset="0" xadvance="13" page="0" chnl="15" />
    <char id="79" x="202" y="125" width="21" height="28" xoffset="-4" yoffset="0" xadvance="12" page="0" chnl="15" />
    <char id="80" x="46" y="127" width="22" height="28" xoffset="-4" yoffset="0" xadvance="12" page="0" chnl="15" />
    <char id="81" x="196" y="0" width="21" height="32" xoffset="-4" yoffset="0" xadvance="12" page="0" chnl="15" />
    <char id="82" x="199" y="96" width="22" height="28" xoffset="-4" yoffset="0" xadvance="12" page="0" chnl="15" />
    <char id="83" x="105" y="156" width="19" height="28" xoffset="-5" yoffset="0" xadvance="8" page="0" chnl="15" />
    <char id="84" x="63" y="156" width="20" height="28" xoffset="-4" yoffset="0" xadvance="9" page="0" chnl="15" />
    <char id="85" x="23" y="127" width="22" height="28" xoffset="-4" yoffset="0" xadvance="12" page="0" chnl="15" />
    <char id="86" x="158" y="125" width="21" height="28" xoffset="-4" yoffset="0" xadvance="11" page="0" chnl="15" />
    <char id="87" x="97" y="97" width="27" height="28" xoffset="-4" yoffset="0" xadvance="16" page="0" chnl="15" />
    <char id="88" x="151" y="96" width="24" height="28" xoffset="-6" yoffset="0" xadvance="11" page="0" chnl="15" />
    <char id="89" x="114" y="126" width="21" height="28" xoffset="-4" yoffset="0" xadvance="10" page="0" chnl="15" />
    <char id="90" x="92" y="127" width="21" height="28" xoffset="-5" yoffset="0" xadvance="10" page="0" chnl="15" />
    <char id="91" x="103" y="0" width="19" height="35" xoffset="-4" yoffset="-2" xadvance="8" page="0" chnl="15" />
    <char id="92" x="123" y="0" width="18" height="35" xoffset="-5" yoffset="-2" xadvance="6" page="0" chnl="15" />
    <char id="93" x="21" y="0" width="20" height="35" xoffset="-7" yoffset="-2" xadvance="8" page="0" chnl="15" />
    <char id="94" x="182" y="207" width="22" height="17" xoffset="-5" yoffset="3" xadvance="11" page="0" chnl="15" />
    <char id="95" x="38" y="232" width="26" height="14" xoffset="-7" yoffset="18" xadvance="13" page="0" chnl="15" />
    <char id="96" x="0" y="234" width="16" height="16" xoffset="-3" yoffset="-2" xadvance="10" page="0" chnl="15" />
    <char id="97" x="91" y="185" width="21" height="24" xoffset="-4" yoffset="4" xadvance="12" page="0" chnl="15" />
    <char id="98" x="31" y="36" width="22" height="30" xoffset="-5" yoffset="-2" xadvance="12" page="0" chnl="15" />
    <char id="99" x="178" y="182" width="20" height="24" xoffset="-4" yoffset="4" xadvance="10" page="0" chnl="15" />
    <char id="100" x="77" y="36" width="22" height="30" xoffset="-4" yoffset="-2" xadvance="12" page="0" chnl="15" />
    <char id="101" x="199" y="182" width="20" height="24" xoffset="-4" yoffset="4" xadvance="12" page="0" chnl="15" />
    <char id="102" x="212" y="33" width="20" height="30" xoffset="-4" yoffset="-2" xadvance="8" page="0" chnl="15" />
    <char id="103" x="146" y="35" width="21" height="30" xoffset="-4" yoffset="4" xadvance="12" page="0" chnl="15" />
    <char id="104" x="54" y="36" width="22" height="30" xoffset="-5" yoffset="-2" xadvance="12" page="0" chnl="15" />
    <char id="105" x="61" y="97" width="17" height="29" xoffset="-5" yoffset="-1" xadvance="6" page="0" chnl="15" />
    <char id="106" x="63" y="0" width="19" height="35" xoffset="-7" yoffset="-1" xadvance="6" page="0" chnl="15" />
    <char id="107" x="123" y="36" width="22" height="30" xoffset="-5" yoffset="-2" xadvance="11" page="0" chnl="15" />
    <char id="108" x="233" y="31" width="17" height="30" xoffset="-5" yoffset="-2" xadvance="6" page="0" chnl="15" />
    <char id="109" x="200" y="154" width="28" height="24" xoffset="-5" yoffset="4" xadvance="18" page="0" chnl="15" />
    <char id="110" x="46" y="185" width="22" height="24" xoffset="-5" yoffset="4" xadvance="12" page="0" chnl="15" />
    <char id="111" x="69" y="185" width="21" height="24" xoffset="-4" yoffset="4" xadvance="12" page="0" chnl="15" />
    <char id="112" x="100" y="36" width="22" height="30" xoffset="-5" yoffset="4" xadvance="12" page="0" chnl="15" />
    <char id="113" x="190" y="35" width="21" height="30" xoffset="-4" yoffset="4" xadvance="12" page="0" chnl="15" />
    <char id="114" x="157" y="184" width="20" height="24" xoffset="-5" yoffset="4" xadvance="9" page="0" chnl="15" />
    <char id="115" x="220" y="179" width="19" height="24" xoffset="-5" yoffset="4" xadvance="9" page="0" chnl="15" />
    <char id="116" x="162" y="154" width="19" height="27" xoffset="-4" yoffset="1" xadvance="9" page="0" chnl="15" />
    <char id="117" x="23" y="185" width="22" height="24" xoffset="-4" yoffset="4" xadvance="12" page="0" chnl="15" />
    <char id="118" x="113" y="185" width="21" height="24" xoffset="-4" yoffset="4" xadvance="11" page="0" chnl="15" />
    <char id="119" x="229" y="154" width="25" height="24" xoffset="-4" yoffset="4" xadvance="15" page="0" chnl="15" />
    <char id="120" x="0" y="185" width="22" height="24" xoffset="-5" yoffset="4" xadvance="11" page="0" chnl="15" />
    <char id="121" x="168" y="35" width="21" height="30" xoffset="-4" yoffset="4" xadvance="11" page="0" chnl="15" />
    <char id="122" x="135" y="184" width="21" height="24" xoffset="-5" yoffset="4" xadvance="10" page="0" chnl="15" />
    <char id="168" x="65" y="231" width="20" height="14" xoffset="-5" yoffset="-1" xadvance="10" page="0" chnl="15" />
    <char id="169" x="0" y="36" width="30" height="30" xoffset="-3" yoffset="-2" xadvance="23" page="0" chnl="15" />
    <char id="170" x="103" y="210" width="19" height="20" xoffset="-3" yoffset="-1" xadvance="11" page="0" chnl="15" />
    <char id="171" x="56" y="210" width="24" height="20" xoffset="-4" yoffset="6" xadvance="14" page="0" chnl="15" />
    <char id="172" x="17" y="234" width="20" height="15" xoffset="-4" yoffset="8" xadvance="11" page="0" chnl="15" />
    <char id="173" x="124" y="230" width="20" height="13" xoffset="-4" yoffset="8" xadvance="10" page="0" chnl="15" />
    <char id="174" x="218" y="0" width="30" height="30" xoffset="-3" yoffset="-2" xadvance="23" page="0" chnl="15" />
    <char id="175" x="145" y="229" width="20" height="13" xoffset="-5" yoffset="-1" xadvance="10" page="0" chnl="15" />
    <char id="183" x="166" y="228" width="15" height="13" xoffset="-4" yoffset="8" xadvance="7" page="0" chnl="15" />
    <char id="184" x="226" y="204" width="17" height="17" xoffset="-3" yoffset="17" xadvance="10" page="0" chnl="15" />
  </chars>
</font>
