<?xml version="1.0"?>
<font>
  <info face="Aka-Acid-TypoGrotesk" size="30" bold="0" italic="0" charset="" unicode="1" stretchH="100" smooth="1" aa="1" padding="5,5,5,5" spacing="1,1" outline="0"/>
  <common lineHeight="30" base="24" scaleW="256" scaleH="256" pages="1" packed="0" alphaChnl="0" redChnl="4" greenChnl="4" blueChnl="4"/>
  <pages>
    <page id="0" file="fontSmall2_0.png" />
  </pages>
  <chars count="95">
    <char id="32" x="79" y="233" width="13" height="11" xoffset="-6" yoffset="24" xadvance="8" page="0" chnl="15" />
    <char id="33" x="150" y="155" width="14" height="29" xoffset="-4" yoffset="0" xadvance="6" page="0" chnl="15" />
    <char id="34" x="180" y="210" width="16" height="16" xoffset="-3" yoffset="0" xadvance="9" page="0" chnl="15" />
    <char id="35" x="0" y="66" width="25" height="29" xoffset="-4" yoffset="0" xadvance="17" page="0" chnl="15" />
    <char id="36" x="173" y="0" width="21" height="33" xoffset="-4" yoffset="-2" xadvance="13" page="0" chnl="15" />
    <char id="37" x="30" y="35" width="23" height="30" xoffset="-4" yoffset="-1" xadvance="15" page="0" chnl="15" />
    <char id="38" x="195" y="0" width="26" height="31" xoffset="-3" yoffset="-1" xadvance="19" page="0" chnl="15" />
    <char id="39" x="211" y="208" width="12" height="16" xoffset="-3" yoffset="0" xadvance="5" page="0" chnl="15" />
    <char id="40" x="74" y="0" width="16" height="34" xoffset="-4" yoffset="0" xadvance="7" page="0" chnl="15" />
    <char id="41" x="91" y="0" width="16" height="34" xoffset="-5" yoffset="0" xadvance="7" page="0" chnl="15" />
    <char id="42" x="139" y="211" width="19" height="20" xoffset="-4" yoffset="0" xadvance="12" page="0" chnl="15" />
    <char id="43" x="81" y="186" width="24" height="24" xoffset="-4" yoffset="5" xadvance="17" page="0" chnl="15" />
    <char id="44" x="197" y="210" width="13" height="16" xoffset="-3" yoffset="16" xadvance="6" page="0" chnl="15" />
    <char id="45" x="58" y="236" width="20" height="12" xoffset="-4" yoffset="11" xadvance="13" page="0" chnl="15" />
    <char id="46" x="16" y="236" width="13" height="13" xoffset="-3" yoffset="16" xadvance="6" page="0" chnl="15" />
    <char id="47" x="54" y="35" width="19" height="30" xoffset="-5" yoffset="-1" xadvance="8" page="0" chnl="15" />
    <char id="48" x="73" y="96" width="23" height="29" xoffset="-4" yoffset="0" xadvance="15" page="0" chnl="15" />
    <char id="49" x="239" y="31" width="16" height="29" xoffset="-6" yoffset="0" xadvance="7" page="0" chnl="15" />
    <char id="50" x="25" y="96" width="23" height="29" xoffset="-4" yoffset="0" xadvance="15" page="0" chnl="15" />
    <char id="51" x="138" y="125" width="22" height="29" xoffset="-5" yoffset="0" xadvance="12" page="0" chnl="15" />
    <char id="52" x="204" y="64" width="24" height="29" xoffset="-5" yoffset="0" xadvance="14" page="0" chnl="15" />
    <char id="53" x="115" y="126" width="22" height="29" xoffset="-4" yoffset="0" xadvance="13" page="0" chnl="15" />
    <char id="54" x="161" y="125" width="22" height="29" xoffset="-4" yoffset="0" xadvance="14" page="0" chnl="15" />
    <char id="55" x="49" y="96" width="23" height="29" xoffset="-5" yoffset="0" xadvance="13" page="0" chnl="15" />
    <char id="56" x="0" y="156" width="21" height="29" xoffset="-4" yoffset="0" xadvance="13" page="0" chnl="15" />
    <char id="57" x="69" y="126" width="22" height="29" xoffset="-4" yoffset="0" xadvance="14" page="0" chnl="15" />
    <char id="58" x="61" y="211" width="13" height="24" xoffset="-3" yoffset="5" xadvance="6" page="0" chnl="15" />
    <char id="59" x="205" y="155" width="13" height="27" xoffset="-3" yoffset="5" xadvance="6" page="0" chnl="15" />
    <char id="60" x="96" y="211" width="20" height="21" xoffset="-4" yoffset="6" xadvance="12" page="0" chnl="15" />
    <char id="61" x="159" y="210" width="20" height="17" xoffset="-4" yoffset="8" xadvance="13" page="0" chnl="15" />
    <char id="62" x="75" y="211" width="20" height="21" xoffset="-4" yoffset="6" xadvance="12" page="0" chnl="15" />
    <char id="63" x="0" y="126" width="22" height="29" xoffset="-4" yoffset="0" xadvance="14" page="0" chnl="15" />
    <char id="64" x="137" y="0" width="35" height="33" xoffset="-4" yoffset="0" xadvance="27" page="0" chnl="15" />
    <char id="65" x="185" y="34" width="26" height="29" xoffset="-5" yoffset="0" xadvance="15" page="0" chnl="15" />
    <char id="66" x="46" y="126" width="22" height="29" xoffset="-4" yoffset="0" xadvance="14" page="0" chnl="15" />
    <char id="67" x="157" y="34" width="27" height="29" xoffset="-4" yoffset="0" xadvance="19" page="0" chnl="15" />
    <char id="68" x="52" y="66" width="25" height="29" xoffset="-4" yoffset="0" xadvance="17" page="0" chnl="15" />
    <char id="69" x="66" y="156" width="21" height="29" xoffset="-4" yoffset="0" xadvance="13" page="0" chnl="15" />
    <char id="70" x="88" y="156" width="21" height="29" xoffset="-4" yoffset="0" xadvance="13" page="0" chnl="15" />
    <char id="71" x="0" y="35" width="29" height="30" xoffset="-4" yoffset="-1" xadvance="20" page="0" chnl="15" />
    <char id="72" x="216" y="94" width="22" height="29" xoffset="-4" yoffset="0" xadvance="14" page="0" chnl="15" />
    <char id="73" x="179" y="155" width="12" height="29" xoffset="-3" yoffset="0" xadvance="5" page="0" chnl="15" />
    <char id="74" x="207" y="124" width="21" height="29" xoffset="-5" yoffset="0" xadvance="12" page="0" chnl="15" />
    <char id="75" x="97" y="96" width="23" height="29" xoffset="-4" yoffset="0" xadvance="14" page="0" chnl="15" />
    <char id="76" x="229" y="124" width="21" height="29" xoffset="-4" yoffset="0" xadvance="12" page="0" chnl="15" />
    <char id="77" x="212" y="32" width="26" height="29" xoffset="-4" yoffset="0" xadvance="18" page="0" chnl="15" />
    <char id="78" x="23" y="126" width="22" height="29" xoffset="-4" yoffset="0" xadvance="14" page="0" chnl="15" />
    <char id="79" x="127" y="35" width="29" height="29" xoffset="-4" yoffset="0" xadvance="20" page="0" chnl="15" />
    <char id="80" x="22" y="156" width="21" height="29" xoffset="-4" yoffset="0" xadvance="13" page="0" chnl="15" />
    <char id="81" x="222" y="0" width="30" height="30" xoffset="-4" yoffset="0" xadvance="20" page="0" chnl="15" />
    <char id="82" x="193" y="94" width="22" height="29" xoffset="-4" yoffset="0" xadvance="13" page="0" chnl="15" />
    <char id="83" x="44" y="156" width="21" height="29" xoffset="-4" yoffset="0" xadvance="13" page="0" chnl="15" />
    <char id="84" x="92" y="126" width="22" height="29" xoffset="-5" yoffset="0" xadvance="13" page="0" chnl="15" />
    <char id="85" x="184" y="125" width="22" height="29" xoffset="-4" yoffset="0" xadvance="15" page="0" chnl="15" />
    <char id="86" x="78" y="66" width="25" height="29" xoffset="-5" yoffset="0" xadvance="14" page="0" chnl="15" />
    <char id="87" x="94" y="35" width="32" height="29" xoffset="-5" yoffset="0" xadvance="21" page="0" chnl="15" />
    <char id="88" x="26" y="66" width="25" height="29" xoffset="-5" yoffset="0" xadvance="15" page="0" chnl="15" />
    <char id="89" x="104" y="65" width="24" height="29" xoffset="-5" yoffset="0" xadvance="13" page="0" chnl="15" />
    <char id="90" x="169" y="95" width="23" height="29" xoffset="-5" yoffset="0" xadvance="14" page="0" chnl="15" />
    <char id="91" x="56" y="0" width="17" height="34" xoffset="-4" yoffset="0" xadvance="9" page="0" chnl="15" />
    <char id="92" x="74" y="35" width="19" height="30" xoffset="-5" yoffset="-1" xadvance="8" page="0" chnl="15" />
    <char id="93" x="38" y="0" width="17" height="34" xoffset="-4" yoffset="0" xadvance="9" page="0" chnl="15" />
    <char id="94" x="117" y="211" width="21" height="20" xoffset="-4" yoffset="0" xadvance="13" page="0" chnl="15" />
    <char id="95" x="30" y="236" width="27" height="12" xoffset="-5" yoffset="19" xadvance="16" page="0" chnl="15" />
    <char id="96" x="0" y="236" width="15" height="14" xoffset="-5" yoffset="0" xadvance="7" page="0" chnl="15" />
    <char id="97" x="106" y="186" width="24" height="24" xoffset="-4" yoffset="5" xadvance="16" page="0" chnl="15" />
    <char id="98" x="0" y="96" width="24" height="29" xoffset="-4" yoffset="0" xadvance="16" page="0" chnl="15" />
    <char id="99" x="229" y="179" width="23" height="24" xoffset="-4" yoffset="5" xadvance="14" page="0" chnl="15" />
    <char id="100" x="229" y="62" width="24" height="29" xoffset="-4" yoffset="0" xadvance="16" page="0" chnl="15" />
    <char id="101" x="56" y="186" width="24" height="24" xoffset="-4" yoffset="5" xadvance="16" page="0" chnl="15" />
    <char id="102" x="131" y="156" width="18" height="29" xoffset="-4" yoffset="0" xadvance="8" page="0" chnl="15" />
    <char id="103" x="179" y="64" width="24" height="29" xoffset="-4" yoffset="5" xadvance="16" page="0" chnl="15" />
    <char id="104" x="121" y="95" width="23" height="29" xoffset="-4" yoffset="0" xadvance="15" page="0" chnl="15" />
    <char id="105" x="165" y="155" width="13" height="29" xoffset="-3" yoffset="0" xadvance="5" page="0" chnl="15" />
    <char id="106" x="108" y="0" width="15" height="34" xoffset="-5" yoffset="0" xadvance="6" page="0" chnl="15" />
    <char id="107" x="110" y="156" width="20" height="29" xoffset="-4" yoffset="0" xadvance="11" page="0" chnl="15" />
    <char id="108" x="192" y="155" width="12" height="29" xoffset="-3" yoffset="0" xadvance="5" page="0" chnl="15" />
    <char id="109" x="219" y="154" width="33" height="24" xoffset="-4" yoffset="5" xadvance="25" page="0" chnl="15" />
    <char id="110" x="181" y="185" width="23" height="24" xoffset="-4" yoffset="5" xadvance="15" page="0" chnl="15" />
    <char id="111" x="156" y="185" width="24" height="24" xoffset="-4" yoffset="5" xadvance="15" page="0" chnl="15" />
    <char id="112" x="129" y="65" width="24" height="29" xoffset="-4" yoffset="5" xadvance="16" page="0" chnl="15" />
    <char id="113" x="154" y="65" width="24" height="29" xoffset="-4" yoffset="5" xadvance="16" page="0" chnl="15" />
    <char id="114" x="43" y="211" width="17" height="24" xoffset="-4" yoffset="5" xadvance="8" page="0" chnl="15" />
    <char id="115" x="24" y="211" width="18" height="24" xoffset="-4" yoffset="5" xadvance="10" page="0" chnl="15" />
    <char id="116" x="239" y="92" width="16" height="29" xoffset="-4" yoffset="0" xadvance="7" page="0" chnl="15" />
    <char id="117" x="205" y="183" width="23" height="24" xoffset="-4" yoffset="5" xadvance="15" page="0" chnl="15" />
    <char id="118" x="131" y="186" width="24" height="24" xoffset="-5" yoffset="5" xadvance="14" page="0" chnl="15" />
    <char id="119" x="0" y="186" width="29" height="24" xoffset="-5" yoffset="5" xadvance="18" page="0" chnl="15" />
    <char id="120" x="30" y="186" width="25" height="24" xoffset="-5" yoffset="5" xadvance="14" page="0" chnl="15" />
    <char id="121" x="145" y="95" width="23" height="29" xoffset="-4" yoffset="5" xadvance="16" page="0" chnl="15" />
    <char id="122" x="0" y="211" width="23" height="24" xoffset="-4" yoffset="5" xadvance="14" page="0" chnl="15" />
    <char id="123" x="0" y="0" width="18" height="34" xoffset="-4" yoffset="0" xadvance="9" page="0" chnl="15" />
    <char id="124" x="124" y="0" width="12" height="34" xoffset="-4" yoffset="0" xadvance="5" page="0" chnl="15" />
    <char id="125" x="19" y="0" width="18" height="34" xoffset="-4" yoffset="0" xadvance="9" page="0" chnl="15" />
    <char id="126" x="224" y="208" width="23" height="15" xoffset="-4" yoffset="9" xadvance="15" page="0" chnl="15" />
  </chars>
  <kernings count="17">
    <kerning first="63" second="46" amount="-4" />
    <kerning first="65" second="84" amount="-1" />
    <kerning first="65" second="86" amount="-1" />
    <kerning first="65" second="89" amount="-1" />
    <kerning first="80" second="65" amount="-1" />
    <kerning first="84" second="65" amount="-1" />
    <kerning first="84" second="97" amount="-1" />
    <kerning first="84" second="99" amount="-1" />
    <kerning first="84" second="111" amount="-1" />
    <kerning first="86" second="65" amount="-1" />
    <kerning first="86" second="97" amount="-1" />
    <kerning first="86" second="101" amount="-1" />
    <kerning first="86" second="111" amount="-1" />
    <kerning first="89" second="65" amount="-1" />
    <kerning first="89" second="97" amount="-1" />
    <kerning first="89" second="101" amount="-1" />
    <kerning first="89" second="111" amount="-2" />
  </kernings>
</font>
