      {
          "info1": "All these properties are for testing only and will be deprecated in future releases.",
          "states": ["REAL_MONEY", "DEMO_PLAY", "SANDBOX", "TEST_MODE"],
          "selected_game_state": 2,
          "default_language": "en-GB",
          "change_weather_special_count": 2,
          "fun_game_settings": {
              "fun_label_interval": 10000,
              "fun_label_duration": 2500,
              "user_starting_balance": 5000
          },
          "currency_symbol": "€",
          "game_rules_url": "www.google.com",
          "lobby_url": "www.google.com",
          "info2": "Server setting here are the default values. On GET_SETTINGS response this values are overridden",
          "server_settings": {
              "Header": {
                      "APIVersionID": "1",
                      "RequestID": "34cc8f2dc2c78100409b43a4b9a22093",
                      "ResponseID": "D1FC4B1B-CDFC-4603-BA31-6D62D4A232AA",
                      "ResponseCode": "200",
                      "ResponseMessage": "OK",
                      "GameID": "E6FEBFF6-7337-4F91-AB1A-19DC49EB1E80",
                      "GameLocaleID": "en-GB",
                      "OperatorID": "00000000-0000-0000-0000-000000000002",
                      "UserToken": "1",
                      "AuthToken": "AC4D47E8-329B-4806-9406-4D8F6677F413",
                      "GameMode": "1",
                      "CData": {
                          "Balance": "{{yz{yz{"
                      }
                  },
                  "Device": {
                      "DeviceClass": "Android",
                      "DeviceModel": "Nexus 5",
                      "DeviceSDKVersion": "6.0",
                      "DeviceMobileBrowserName": "Chrome Mobile",
                      "DeviceScreenWidth": "1221",
                      "DeviceScreenHeight": "698",
                      "DevicePixelRatio": "3",
                      "CData": null
                  },
                  "Player": {
                      "Alias": "-",
                      "CurrentBalance": "10000000",
                      "CurrentBalance2": "0",
                      "CurrentBalance3": "0",
                      "CurrentBalance4": "0",
                      "CurrentBalance5": "0",
                      "CData": null
                  },
                  "Game": {
                      "Configuration": {
                          "OperatorGameID": "E6FEBFF6-7337-4F91-AB1A-19DC49EB1E80",
                          "OperatorGameName": "Midnight City: Rivals",
                          "OperatorGameDescription": "Slot Game",
                          "GameID": "00000000-0000-0000-0000-000000000037",
                          "GameName": "Midnight City: Rivals",
                          "GameDescription": "Slot Game",
                          "Version": "",
                          "GameTypeID": "1",
                          "GameTypeName": "Slot",
                          "GameTypeDescription": "Slot Type",
                          "GameMode": "1",
                          "ResumeState": "0",
                          "ResumeTicketID": null,
                          "LocalizedCurrencySymbol": "€",
                          "CurrencySymbolPosition": "0",
                          "LocalizedDecimalSeparator": ",",
                          "LocalizedThousandsSeparator": ".",
                          "LocalizedDecimalDigitsCount": "2",
                          "CData": null
                      },
                      "Symbols": [{
                          "SymbolID": "FA360345-102B-4EF4-BC43-BB299C6DFB07",
                          "SymbolName": "L1",
                          "SymbolType": "0",
                          "SymbolURL": "",
                          "SymbolMultiplier": "1",
                          "SymbolHintURL": "",
                          "CData": null
                      }, {
                          "SymbolID": "CAEFC32C-8FAB-4C02-98F4-6196786E07C6",
                          "SymbolName": "L2",
                          "SymbolType": "0",
                          "SymbolURL": "",
                          "SymbolMultiplier": "1",
                          "SymbolHintURL": "",
                          "CData": null
                      }, {
                          "SymbolID": "C8E389EF-CB4B-4B76-9D89-A25BE6FC1710",
                          "SymbolName": "L3",
                          "SymbolType": "0",
                          "SymbolURL": "",
                          "SymbolMultiplier": "1",
                          "SymbolHintURL": "",
                          "CData": null
                      }, {
                          "SymbolID": "6B1AFE2D-81B0-416C-9C0C-B7672676F52B",
                          "SymbolName": "L4",
                          "SymbolType": "0",
                          "SymbolURL": "",
                          "SymbolMultiplier": "1",
                          "SymbolHintURL": "",
                          "CData": null
                      }, {
                          "SymbolID": "DED385FC-D942-453B-ACEA-859795578F25",
                          "SymbolName": "P1",
                          "SymbolType": "0",
                          "SymbolURL": "",
                          "SymbolMultiplier": "1",
                          "SymbolHintURL": "",
                          "CData": null
                      }, {
                          "SymbolID": "7FC1AC99-C2A4-4827-9CF2-271B26B9A208",
                          "SymbolName": "P2",
                          "SymbolType": "0",
                          "SymbolURL": "",
                          "SymbolMultiplier": "1",
                          "SymbolHintURL": "",
                          "CData": null
                      }, {
                          "SymbolID": "76752987-39AB-40B4-9BE8-F2D1B4B4AB9E",
                          "SymbolName": "P3",
                          "SymbolType": "0",
                          "SymbolURL": "",
                          "SymbolMultiplier": "1",
                          "SymbolHintURL": "",
                          "CData": null
                      }, {
                          "SymbolID": "25EA6543-F676-4A3F-87AD-A09F2CA8AE77",
                          "SymbolName": "P4",
                          "SymbolType": "0",
                          "SymbolURL": "",
                          "SymbolMultiplier": "1",
                          "SymbolHintURL": "",
                          "CData": null
                      }, {
                          "SymbolID": "85233861-26EC-4535-8162-99E69C569591",
                          "SymbolName": "SCAT",
                          "SymbolType": "1",
                          "SymbolURL": "",
                          "SymbolMultiplier": "1",
                          "SymbolHintURL": "",
                          "CData": null
                      }, {
                          "SymbolID": "C84C13D4-7539-4782-BC32-E6995D6027D2",
                          "SymbolName": "WILD",
                          "SymbolType": "2",
                          "SymbolURL": "",
                          "SymbolMultiplier": "1",
                          "SymbolHintURL": "",
                          "CData": null
                      }],
                      "Reels": [{
                          "ReelID": "70A843CA-A8B1-4FD0-A78C-751647223212",
                          "ReelName": "reel_0",
                          "ReelIndex": "0"
                      }, {
                          "ReelID": "5D183324-AF17-45A0-873B-2F06C35F6B8F",
                          "ReelName": "reel_1",
                          "ReelIndex": "1"
                      }, {
                          "ReelID": "2359F063-154F-4FD1-BDC7-438B00E00CC4",
                          "ReelName": "reel_2",
                          "ReelIndex": "2"
                      }, {
                          "ReelID": "55BF9B50-FB36-483B-B85C-B32159210E64",
                          "ReelName": "reel_3",
                          "ReelIndex": "3"
                      }, {
                          "ReelID": "B14DFA4C-05CC-47B4-9D6D-F4DF49B510BF",
                          "ReelName": "reel_4",
                          "ReelIndex": "4"
                      }],
                      "WinLines": [{
                          "WinLineID": "D57F35D8-BFA6-4CE5-A48E-B006EC2FC28A",
                          "WinLineCaption": "line01",
                          "WinLineURL": "",
                          "WinLineLayout": ["5", "6", "7", "8", "9"]
                      }, {
                          "WinLineID": "D8F25D45-F19C-4563-8181-DE60D3D45168",
                          "WinLineCaption": "line02",
                          "WinLineURL": "",
                          "WinLineLayout": ["0", "1", "2", "3", "4"]
                      }, {
                          "WinLineID": "59169FCC-5522-49E1-A532-8D4C233F05A4",
                          "WinLineCaption": "line03",
                          "WinLineURL": "",
                          "WinLineLayout": ["10", "11", "12", "13", "14"]
                      }, {
                          "WinLineID": "06C6B2D7-569E-4EB6-A5D1-424B40C6E5B3",
                          "WinLineCaption": "line04",
                          "WinLineURL": "",
                          "WinLineLayout": ["0", "6", "12", "8", "4"]
                      }, {
                          "WinLineID": "588A6808-FB36-4777-85FE-E3604154E970",
                          "WinLineCaption": "line05",
                          "WinLineURL": "",
                          "WinLineLayout": ["10", "6", "2", "8", "14"]
                      }, {
                          "WinLineID": "63AA388D-41FD-4361-8EEF-D71E7E684101",
                          "WinLineCaption": "line06",
                          "WinLineURL": "",
                          "WinLineLayout": ["5", "1", "7", "3", "9"]
                      }, {
                          "WinLineID": "27A0D135-3F87-4CDE-BED9-6F1093A5E85C",
                          "WinLineCaption": "line07",
                          "WinLineURL": "",
                          "WinLineLayout": ["5", "11", "7", "13", "9"]
                      }, {
                          "WinLineID": "5CC89627-E254-44F3-8C67-3B2C10C2AEDF",
                          "WinLineCaption": "line08",
                          "WinLineURL": "",
                          "WinLineLayout": ["0", "1", "7", "3", "4"]
                      }, {
                          "WinLineID": "A95E3E58-0494-49D4-BE81-28EEF3CD98C4",
                          "WinLineCaption": "line09",
                          "WinLineURL": "",
                          "WinLineLayout": ["10", "11", "7", "13", "14"]
                      }, {
                          "WinLineID": "4C437252-9066-4F98-9673-FF93EAB35581",
                          "WinLineCaption": "line10",
                          "WinLineURL": "",
                          "WinLineLayout": ["5", "1", "7", "13", "9"]
                      }, {
                          "WinLineID": "65F4BC36-3758-4E17-A9CA-DCD751D201B8",
                          "WinLineCaption": "line11",
                          "WinLineURL": "",
                          "WinLineLayout": ["0", "6", "2", "8", "4"]
                      }, {
                          "WinLineID": "B29ED3D2-B89D-47F2-8C4F-AC3BFC8C9389",
                          "WinLineCaption": "line12",
                          "WinLineURL": "",
                          "WinLineLayout": ["10", "6", "12", "8", "14"]
                      }, {
                          "WinLineID": "C0867D7B-8020-4942-A229-6389DAA2FB0D",
                          "WinLineCaption": "line13",
                          "WinLineURL": "",
                          "WinLineLayout": ["5", "6", "2", "8", "9"]
                      }, {
                          "WinLineID": "CFF8AE39-927E-4195-BD25-3B5C5C165C36",
                          "WinLineCaption": "line14",
                          "WinLineURL": "",
                          "WinLineLayout": ["0", "6", "7", "8", "4"]
                      }, {
                          "WinLineID": "751BA8BE-3512-4257-A45C-888F657FFE8D",
                          "WinLineCaption": "line15",
                          "WinLineURL": "",
                          "WinLineLayout": ["10", "6", "7", "8", "14"]
                      }, {
                          "WinLineID": "5006BE2B-C705-4604-9904-7504D03C7CDE",
                          "WinLineCaption": "line16",
                          "WinLineURL": "",
                          "WinLineLayout": ["5", "1", "12", "3", "9"]
                      }, {
                          "WinLineID": "7EB7D969-9DFD-4F6E-AD17-3468EF0B00BA",
                          "WinLineCaption": "line17",
                          "WinLineURL": "",
                          "WinLineLayout": ["0", "11", "2", "13", "4"]
                      }, {
                          "WinLineID": "F135FC5F-F75F-44FF-9692-736CEB719A69",
                          "WinLineCaption": "line18",
                          "WinLineURL": "",
                          "WinLineLayout": ["10", "1", "12", "3", "14"]
                      }],
                      "WagerSettings": {
                          "CoinValues": ["1", "2", "5", "10", "25", "50", "100", "200"],
                          "BetLevels": ["1", "2", "3", "4", "5", "6", "7", "8", "9", "10"],
                          "BetLines": ["18"]
                      },
                      "Settings": [{
                          "SettingName": "BoardSize",
                          "SettingType": "0",
                          "SettingKey": "BoardSize",
                          "SettingValue": "15",
                          "CData": null
                      }, {
                          "SettingName": "HelpURL",
                          "SettingType": "2",
                          "SettingKey": "HelpURL",
                          "SettingValue": "./help/index.html",
                          "CData": null
                      }, {
                          "SettingName": "ThumbnailHash",
                          "SettingType": "2",
                          "SettingKey": "ThumbnailHash",
                          "SettingValue": "",
                          "CData": null
                      }, {
                          "SettingName": "NumberOfReels",
                          "SettingType": "0",
                          "SettingKey": "NumberOfReels",
                          "SettingValue": "5",
                          "CData": null
                      }, {
                          "SettingName": "LocalizedCurrencySymbol",
                          "SettingType": "2",
                          "SettingKey": "LocalizedCurrencySymbol",
                          "SettingValue": "€",
                          "CData": null
                      }, {
                          "SettingName": "RechargeCreditURL",
                          "SettingType": "2",
                          "SettingKey": "RechargeCreditURL",
                          "SettingValue": "",
                          "CData": null
                      }, {
                          "SettingName": "ResponsibleGaming",
                          "SettingType": "3",
                          "SettingKey": "ResponsibleGaming",
                          "SettingValue": "0",
                          "CData": null
                      }, {
                          "SettingName": "CurrencySymbolPosition",
                          "SettingType": "2",
                          "SettingKey": "CurrencySymbolPosition",
                          "SettingValue": "0",
                          "CData": null
                      }, {
                          "SettingName": "LocalizedThousandsSeparator",
                          "SettingType": "2",
                          "SettingKey": "LocalizedThousandsSeparator",
                          "SettingValue": ".",
                          "CData": null
                      }, {
                          "SettingName": "LocalizedDecimalDigitsCount",
                          "SettingType": "0",
                          "SettingKey": "LocalizedDecimalDigitsCount",
                          "SettingValue": "2",
                          "CData": null
                      }, {
                          "SettingName": "MobileRulesURL",
                          "SettingType": "2",
                          "SettingKey": "MobileRulesURL",
                          "SettingValue": "",
                          "CData": null
                      }, {
                          "SettingName": "LocalizedDecimalSeparator",
                          "SettingType": "2",
                          "SettingKey": "LocalizedDecimalSeparator",
                          "SettingValue": ",",
                          "CData": null
                      }, {
                          "SettingName": "HistoryURL",
                          "SettingType": "2",
                          "SettingKey": "HistoryURL",
                          "SettingValue": "",
                          "CData": null
                      }, {
                          "SettingName": "WinLevel",
                          "SettingType": "0",
                          "SettingKey": "1",
                          "SettingValue": "1",
                          "CData": null
                      }, {
                          "SettingName": "WinLevel",
                          "SettingType": "0",
                          "SettingKey": "3",
                          "SettingValue": "100",
                          "CData": null
                      }, {
                          "SettingName": "RulesURL",
                          "SettingType": "2",
                          "SettingKey": "RulesURL",
                          "SettingValue": "",
                          "CData": null
                      }, {
                          "SettingName": "MaxAutoPlayRounds",
                          "SettingType": "0",
                          "SettingKey": "MaxAutoPlayRounds",
                          "SettingValue": "999",
                          "CData": null
                      }, {
                          "SettingName": "WinLevel",
                          "SettingType": "0",
                          "SettingKey": "2",
                          "SettingValue": "50",
                          "CData": null
                      }, {
                          "SettingName": "LobbyURL",
                          "SettingType": "2",
                          "SettingKey": "LobbyURL",
                          "SettingValue": "",
                          "CData": null
                      }, {
                          "SettingName": "ReelsWindowHeight",
                          "SettingType": "0",
                          "SettingKey": "ReelsWindowHeight",
                          "SettingValue": "3",
                          "CData": null
                      }, {
                          "SettingName": "PosterImageURL",
                          "SettingType": "2",
                          "SettingKey": "PosterImageURL",
                          "SettingValue": "",
                          "CData": null
                      }, {
                          "SettingName": "PosterImageHash",
                          "SettingType": "2",
                          "SettingKey": "PosterImageHash",
                          "SettingValue": "",
                          "CData": null
                      }],
                      "PayTables": [{
                          "PayTableID": "C429CC51-9EC9-4FAE-98D9-02A4CC1AD67D",
                          "BetAmount": "1",
                          "BetMultiplier": "0",
                          "OverallOdds": "333333",
                          "OverallPayout": "187",
                          "MinWager": "0",
                          "MaxWager": "0",
                          "Prizes": [{
                              "PrizeID": "2DDE2A9E-9338-4A29-8F5F-C65D72096E43",
                              "Wager": "1",
                              "WinAmount": "240",
                              "WinLabel": "",
                              "PrizeLabel": "P4 x 5",
                              "PrizeOdds": "0",
                              "PrizePayout": "0",
                              "PrizeLines": [{
                                  "PrizeLineID": "22974CCF-2F99-4214-9863-D2FD22D84A09",
                                  "WinAmount": "240",
                                  "Label": "P4 x 5",
                                  "RequiredQty": "5",
                                  "SymbolID": "25EA6543-F676-4A3F-87AD-A09F2CA8AE77",
                                  "PrizeCode": "P4",
                                  "CData": null
                              }],
                              "CData": null
                          }, {
                              "PrizeID": "3759F2AA-8C69-4A0F-9A63-7BF3996F886B",
                              "Wager": "1",
                              "WinAmount": "220",
                              "WinLabel": "",
                              "PrizeLabel": "P3 x 5",
                              "PrizeOdds": "0",
                              "PrizePayout": "0",
                              "PrizeLines": [{
                                  "PrizeLineID": "5A6677EA-F8EF-460A-A1C7-2CFFD584428E",
                                  "WinAmount": "220",
                                  "Label": "P3 x 5",
                                  "RequiredQty": "5",
                                  "SymbolID": "76752987-39AB-40B4-9BE8-F2D1B4B4AB9E",
                                  "PrizeCode": "P3",
                                  "CData": null
                              }],
                              "CData": null
                          }, {
                              "PrizeID": "DF4467AE-692E-4EC4-B353-171228B673B3",
                              "Wager": "1",
                              "WinAmount": "180",
                              "WinLabel": "",
                              "PrizeLabel": "P2 x 5",
                              "PrizeOdds": "0",
                              "PrizePayout": "0",
                              "PrizeLines": [{
                                  "PrizeLineID": "19203870-3C64-43F2-84C0-3DE694E24DFA",
                                  "WinAmount": "180",
                                  "Label": "P2 x 5",
                                  "RequiredQty": "5",
                                  "SymbolID": "7FC1AC99-C2A4-4827-9CF2-271B26B9A208",
                                  "PrizeCode": "P2",
                                  "CData": null
                              }],
                              "CData": null
                          }, {
                              "PrizeID": "BB90ABD4-B441-4350-BDB9-80E3352A1681",
                              "Wager": "1",
                              "WinAmount": "120",
                              "WinLabel": "",
                              "PrizeLabel": "P1 x 5",
                              "PrizeOdds": "0",
                              "PrizePayout": "0",
                              "PrizeLines": [{
                                  "PrizeLineID": "FA16E18F-3619-4038-9C28-CDD5021A03C6",
                                  "WinAmount": "120",
                                  "Label": "P1 x 5",
                                  "RequiredQty": "5",
                                  "SymbolID": "DED385FC-D942-453B-ACEA-859795578F25",
                                  "PrizeCode": "P1",
                                  "CData": null
                              }],
                              "CData": null
                          }, {
                              "PrizeID": "9B0F4ECE-749D-4D88-BB3D-774B0AF4A69A",
                              "Wager": "1",
                              "WinAmount": "80",
                              "WinLabel": "",
                              "PrizeLabel": "Scat x 5 + 20 FS",
                              "PrizeOdds": "0",
                              "PrizePayout": "0",
                              "PrizeLines": [{
                                  "PrizeLineID": "F83E63C5-0061-4DF8-A29E-5CA58A93EEE8",
                                  "WinAmount": "80",
                                  "Label": "Scat x 5",
                                  "RequiredQty": "5",
                                  "SymbolID": "85233861-26EC-4535-8162-99E69C569591",
                                  "PrizeCode": "SCAT",
                                  "CData": null
                              }, {
                                  "PrizeLineID": "C76AA2AE-7D8F-44B0-9316-BB1B88ABF7FC",
                                  "WinAmount": "20",
                                  "Label": "Level=0",
                                  "RequiredQty": "5",
                                  "SymbolID": "85233861-26EC-4535-8162-99E69C569591",
                                  "PrizeCode": "SCAT",
                                  "CData": null
                              }],
                              "CData": null
                          }, {
                              "PrizeID": "417A1C5B-CD8B-46F6-B80C-7DB5EBBC51B1",
                              "Wager": "1",
                              "WinAmount": "80",
                              "WinLabel": "",
                              "PrizeLabel": "Scat2 x 5 + 5 FS",
                              "PrizeOdds": "0",
                              "PrizePayout": "0",
                              "PrizeLines": [{
                                  "PrizeLineID": "E5EFCFB6-5076-45D6-B1BA-7BA574B77C33",
                                  "WinAmount": "80",
                                  "Label": "Scat x 5",
                                  "RequiredQty": "5",
                                  "SymbolID": "85233861-26EC-4535-8162-99E69C569591",
                                  "PrizeCode": "SCAT",
                                  "CData": null
                              }, {
                                  "PrizeLineID": "A502D6E2-2934-4AF5-A57B-6B45151DE221",
                                  "WinAmount": "5",
                                  "Label": "Level>0",
                                  "RequiredQty": "5",
                                  "SymbolID": "85233861-26EC-4535-8162-99E69C569591",
                                  "PrizeCode": "SCAT",
                                  "CData": null
                              }],
                              "CData": null
                          }, {
                              "PrizeID": "6AC046CD-B1B9-47D3-911C-CE26F7AC94B7",
                              "Wager": "1",
                              "WinAmount": "60",
                              "WinLabel": "",
                              "PrizeLabel": "L3 x 5",
                              "PrizeOdds": "0",
                              "PrizePayout": "0",
                              "PrizeLines": [{
                                  "PrizeLineID": "04320BF6-78E1-4EB3-9FE9-23D7361BABFB",
                                  "WinAmount": "60",
                                  "Label": "L3 x 5",
                                  "RequiredQty": "5",
                                  "SymbolID": "C8E389EF-CB4B-4B76-9D89-A25BE6FC1710",
                                  "PrizeCode": "L3",
                                  "CData": null
                              }],
                              "CData": null
                          }, {
                              "PrizeID": "2F6D12C3-32BA-4FA0-9176-73E6ADBD0170",
                              "Wager": "1",
                              "WinAmount": "60",
                              "WinLabel": "",
                              "PrizeLabel": "L4 x 5",
                              "PrizeOdds": "0",
                              "PrizePayout": "0",
                              "PrizeLines": [{
                                  "PrizeLineID": "75E020B9-F0C8-4545-9F3F-4792089A23E0",
                                  "WinAmount": "60",
                                  "Label": "L4 x 5",
                                  "RequiredQty": "5",
                                  "SymbolID": "6B1AFE2D-81B0-416C-9C0C-B7672676F52B",
                                  "PrizeCode": "L4",
                                  "CData": null
                              }],
                              "CData": null
                          }, {
                              "PrizeID": "672C4F0C-9FC5-4531-A2D6-0CFAC317489D",
                              "Wager": "1",
                              "WinAmount": "60",
                              "WinLabel": "",
                              "PrizeLabel": "P4 x 4",
                              "PrizeOdds": "0",
                              "PrizePayout": "0",
                              "PrizeLines": [{
                                  "PrizeLineID": "AD1500EE-CD8E-4B75-9B65-E581146D779E",
                                  "WinAmount": "60",
                                  "Label": "P4 x 4",
                                  "RequiredQty": "4",
                                  "SymbolID": "25EA6543-F676-4A3F-87AD-A09F2CA8AE77",
                                  "PrizeCode": "P4",
                                  "CData": null
                              }],
                              "CData": null
                          }, {
                              "PrizeID": "EF32C7E8-60A3-4B10-AB0D-2A1F5D9AFD5D",
                              "Wager": "1",
                              "WinAmount": "54",
                              "WinLabel": "",
                              "PrizeLabel": "P3 x 4",
                              "PrizeOdds": "0",
                              "PrizePayout": "0",
                              "PrizeLines": [{
                                  "PrizeLineID": "6504E8D7-D079-4798-A52C-14C1CBC3D1DB",
                                  "WinAmount": "54",
                                  "Label": "P3 x 4",
                                  "RequiredQty": "4",
                                  "SymbolID": "76752987-39AB-40B4-9BE8-F2D1B4B4AB9E",
                                  "PrizeCode": "P3",
                                  "CData": null
                              }],
                              "CData": null
                          }, {
                              "PrizeID": "2FDB4407-992B-44D3-84BC-010678217B65",
                              "Wager": "1",
                              "WinAmount": "50",
                              "WinLabel": "",
                              "PrizeLabel": "L2 x 5",
                              "PrizeOdds": "0",
                              "PrizePayout": "0",
                              "PrizeLines": [{
                                  "PrizeLineID": "56A3CC9C-CC76-4370-9A93-B100CD1DB5DB",
                                  "WinAmount": "50",
                                  "Label": "L2 x 5",
                                  "RequiredQty": "5",
                                  "SymbolID": "CAEFC32C-8FAB-4C02-98F4-6196786E07C6",
                                  "PrizeCode": "L2",
                                  "CData": null
                              }],
                              "CData": null
                          }, {
                              "PrizeID": "4DA990E4-9A2A-4F1E-940B-B903BA013C7B",
                              "Wager": "1",
                              "WinAmount": "50",
                              "WinLabel": "",
                              "PrizeLabel": "L1 x 5",
                              "PrizeOdds": "0",
                              "PrizePayout": "0",
                              "PrizeLines": [{
                                  "PrizeLineID": "08C35297-C916-4E5F-A6A8-BF2FDAA67D6A",
                                  "WinAmount": "50",
                                  "Label": "L1 x 5",
                                  "RequiredQty": "5",
                                  "SymbolID": "FA360345-102B-4EF4-BC43-BB299C6DFB07",
                                  "PrizeCode": "L1",
                                  "CData": null
                              }],
                              "CData": null
                          }, {
                              "PrizeID": "5C41830A-7F17-4B3D-89B6-6FCA59A5347F",
                              "Wager": "1",
                              "WinAmount": "45",
                              "WinLabel": "",
                              "PrizeLabel": "P2 x 4",
                              "PrizeOdds": "0",
                              "PrizePayout": "0",
                              "PrizeLines": [{
                                  "PrizeLineID": "E91A0319-7444-4669-9D57-73B7E635A2ED",
                                  "WinAmount": "45",
                                  "Label": "P2 x 4",
                                  "RequiredQty": "4",
                                  "SymbolID": "7FC1AC99-C2A4-4827-9CF2-271B26B9A208",
                                  "PrizeCode": "P2",
                                  "CData": null
                              }],
                              "CData": null
                          }, {
                              "PrizeID": "1EA1466A-08ED-4C5B-906D-A730194D4B90",
                              "Wager": "1",
                              "WinAmount": "35",
                              "WinLabel": "",
                              "PrizeLabel": "Scat2 x 4 + 5 FS",
                              "PrizeOdds": "0",
                              "PrizePayout": "0",
                              "PrizeLines": [{
                                  "PrizeLineID": "F3DC2FB3-CFA8-4DFC-A8D2-45379FC45E2C",
                                  "WinAmount": "35",
                                  "Label": "Scat x 4",
                                  "RequiredQty": "4",
                                  "SymbolID": "85233861-26EC-4535-8162-99E69C569591",
                                  "PrizeCode": "SCAT",
                                  "CData": null
                              }, {
                                  "PrizeLineID": "080912B3-AEA0-4025-9235-6E201901C60B",
                                  "WinAmount": "5",
                                  "Label": "Level>0",
                                  "RequiredQty": "4",
                                  "SymbolID": "85233861-26EC-4535-8162-99E69C569591",
                                  "PrizeCode": "SCAT",
                                  "CData": null
                              }],
                              "CData": null
                          }, {
                              "PrizeID": "4D63E3D9-D9ED-4342-841B-E44F9F9F1CD8",
                              "Wager": "1",
                              "WinAmount": "35",
                              "WinLabel": "",
                              "PrizeLabel": "Scat x 4 + 15 FS",
                              "PrizeOdds": "0",
                              "PrizePayout": "0",
                              "PrizeLines": [{
                                  "PrizeLineID": "23E675A0-9BDF-44B5-BE7D-60FB36B1E260",
                                  "WinAmount": "35",
                                  "Label": "Scat x 4",
                                  "RequiredQty": "4",
                                  "SymbolID": "85233861-26EC-4535-8162-99E69C569591",
                                  "PrizeCode": "SCAT",
                                  "CData": null
                              }, {
                                  "PrizeLineID": "2934B30D-29BC-480D-B8B5-45D672B11AFE",
                                  "WinAmount": "15",
                                  "Label": "Level=0",
                                  "RequiredQty": "4",
                                  "SymbolID": "85233861-26EC-4535-8162-99E69C569591",
                                  "PrizeCode": "SCAT",
                                  "CData": null
                              }],
                              "CData": null
                          }, {
                              "PrizeID": "2859BB82-BF8B-4488-94B6-0AFE71416944",
                              "Wager": "1",
                              "WinAmount": "30",
                              "WinLabel": "",
                              "PrizeLabel": "P1 x 4",
                              "PrizeOdds": "0",
                              "PrizePayout": "0",
                              "PrizeLines": [{
                                  "PrizeLineID": "28E0917D-F96E-4DFD-8D5C-D6901C1FC668",
                                  "WinAmount": "30",
                                  "Label": "P1 x 4",
                                  "RequiredQty": "4",
                                  "SymbolID": "DED385FC-D942-453B-ACEA-859795578F25",
                                  "PrizeCode": "P1",
                                  "CData": null
                              }],
                              "CData": null
                          }, {
                              "PrizeID": "A8B908C8-1BA8-4CDD-ADFD-47BC7B69864D",
                              "Wager": "1",
                              "WinAmount": "20",
                              "WinLabel": "",
                              "PrizeLabel": "P4 x 3",
                              "PrizeOdds": "0",
                              "PrizePayout": "0",
                              "PrizeLines": [{
                                  "PrizeLineID": "506C7371-658D-44D0-8411-AD81ABDD22B6",
                                  "WinAmount": "20",
                                  "Label": "P4 x 3",
                                  "RequiredQty": "3",
                                  "SymbolID": "25EA6543-F676-4A3F-87AD-A09F2CA8AE77",
                                  "PrizeCode": "P4",
                                  "CData": null
                              }],
                              "CData": null
                          }, {
                              "PrizeID": "1657CB66-9FAB-491B-B11E-45622CB38DE3",
                              "Wager": "1",
                              "WinAmount": "18",
                              "WinLabel": "",
                              "PrizeLabel": "P3 x 3",
                              "PrizeOdds": "0",
                              "PrizePayout": "0",
                              "PrizeLines": [{
                                  "PrizeLineID": "4E8AC080-7C41-413C-A095-C9993CFB99B2",
                                  "WinAmount": "18",
                                  "Label": "P3 x 3",
                                  "RequiredQty": "3",
                                  "SymbolID": "76752987-39AB-40B4-9BE8-F2D1B4B4AB9E",
                                  "PrizeCode": "P3",
                                  "CData": null
                              }],
                              "CData": null
                          }, {
                              "PrizeID": "5E190CFF-16BB-458D-8041-18153107E0B6",
                              "Wager": "1",
                              "WinAmount": "15",
                              "WinLabel": "",
                              "PrizeLabel": "Scat2 x 3 + 5 FS",
                              "PrizeOdds": "0",
                              "PrizePayout": "0",
                              "PrizeLines": [{
                                  "PrizeLineID": "1F3140FC-43C3-4509-9ADE-C83EB5054276",
                                  "WinAmount": "15",
                                  "Label": "Scat x 3",
                                  "RequiredQty": "3",
                                  "SymbolID": "85233861-26EC-4535-8162-99E69C569591",
                                  "PrizeCode": "SCAT",
                                  "CData": null
                              }, {
                                  "PrizeLineID": "CD3C6369-96F7-4959-9EA9-D3511CEADA06",
                                  "WinAmount": "5",
                                  "Label": "Level>0",
                                  "RequiredQty": "3",
                                  "SymbolID": "85233861-26EC-4535-8162-99E69C569591",
                                  "PrizeCode": "SCAT",
                                  "CData": null
                              }],
                              "CData": null
                          }, {
                              "PrizeID": "816E3AC2-F8EC-4D52-A258-4940F77DA6BF",
                              "Wager": "1",
                              "WinAmount": "15",
                              "WinLabel": "",
                              "PrizeLabel": "P2 x 3",
                              "PrizeOdds": "0",
                              "PrizePayout": "0",
                              "PrizeLines": [{
                                  "PrizeLineID": "C2F738B3-214D-4589-B0A1-35C286C83B47",
                                  "WinAmount": "15",
                                  "Label": "P2 x 3",
                                  "RequiredQty": "3",
                                  "SymbolID": "7FC1AC99-C2A4-4827-9CF2-271B26B9A208",
                                  "PrizeCode": "P2",
                                  "CData": null
                              }],
                              "CData": null
                          }, {
                              "PrizeID": "5A1A16E4-75EE-427C-AAE2-71B9C8EC120E",
                              "Wager": "1",
                              "WinAmount": "15",
                              "WinLabel": "",
                              "PrizeLabel": "Scat x 3 + 10 FS",
                              "PrizeOdds": "0",
                              "PrizePayout": "0",
                              "PrizeLines": [{
                                  "PrizeLineID": "99F95F27-AC6D-4CBB-9862-FABE28BD573A",
                                  "WinAmount": "15",
                                  "Label": "Scat x 3",
                                  "RequiredQty": "3",
                                  "SymbolID": "85233861-26EC-4535-8162-99E69C569591",
                                  "PrizeCode": "SCAT",
                                  "CData": null
                              }, {
                                  "PrizeLineID": "1943CCC3-39D8-4E78-84E4-4285FFB9B0B1",
                                  "WinAmount": "10",
                                  "Label": "Level=0",
                                  "RequiredQty": "3",
                                  "SymbolID": "85233861-26EC-4535-8162-99E69C569591",
                                  "PrizeCode": "SCAT",
                                  "CData": null
                              }],
                              "CData": null
                          }, {
                              "PrizeID": "573661AA-5F6F-4FAF-8AEE-10C378ACCF57",
                              "Wager": "1",
                              "WinAmount": "15",
                              "WinLabel": "",
                              "PrizeLabel": "L3 x 4",
                              "PrizeOdds": "0",
                              "PrizePayout": "0",
                              "PrizeLines": [{
                                  "PrizeLineID": "9AC121A4-E936-475D-8580-DF960E4C57C3",
                                  "WinAmount": "15",
                                  "Label": "L3 x 4",
                                  "RequiredQty": "4",
                                  "SymbolID": "C8E389EF-CB4B-4B76-9D89-A25BE6FC1710",
                                  "PrizeCode": "L3",
                                  "CData": null
                              }],
                              "CData": null
                          }, {
                              "PrizeID": "33DBB57A-8D6C-493F-9895-BC883EF00E92",
                              "Wager": "1",
                              "WinAmount": "15",
                              "WinLabel": "",
                              "PrizeLabel": "L4 x 4",
                              "PrizeOdds": "0",
                              "PrizePayout": "0",
                              "PrizeLines": [{
                                  "PrizeLineID": "9144F632-C9DD-40B6-A276-0E470941AE4E",
                                  "WinAmount": "15",
                                  "Label": "L4 x 4",
                                  "RequiredQty": "4",
                                  "SymbolID": "6B1AFE2D-81B0-416C-9C0C-B7672676F52B",
                                  "PrizeCode": "L4",
                                  "CData": null
                              }],
                              "CData": null
                          }, {
                              "PrizeID": "D8FAE68D-2E46-4583-AB12-FC4C4BD08E44",
                              "Wager": "1",
                              "WinAmount": "12",
                              "WinLabel": "",
                              "PrizeLabel": "L1 x 4",
                              "PrizeOdds": "0",
                              "PrizePayout": "0",
                              "PrizeLines": [{
                                  "PrizeLineID": "EB0B19B2-AB7A-4F93-824C-BCB4E12DB316",
                                  "WinAmount": "12",
                                  "Label": "L1 x 4",
                                  "RequiredQty": "4",
                                  "SymbolID": "FA360345-102B-4EF4-BC43-BB299C6DFB07",
                                  "PrizeCode": "L1",
                                  "CData": null
                              }],
                              "CData": null
                          }, {
                              "PrizeID": "F15027C5-0313-447D-B075-3CA3110878B2",
                              "Wager": "1",
                              "WinAmount": "12",
                              "WinLabel": "",
                              "PrizeLabel": "L2 x 4",
                              "PrizeOdds": "0",
                              "PrizePayout": "0",
                              "PrizeLines": [{
                                  "PrizeLineID": "03EDB091-8314-43AB-8E0E-0B75B7F3C186",
                                  "WinAmount": "12",
                                  "Label": "L2 x 4",
                                  "RequiredQty": "4",
                                  "SymbolID": "CAEFC32C-8FAB-4C02-98F4-6196786E07C6",
                                  "PrizeCode": "L2",
                                  "CData": null
                              }],
                              "CData": null
                          }, {
                              "PrizeID": "AF5DCA14-5116-4020-8DAA-53C9054ACCD5",
                              "Wager": "1",
                              "WinAmount": "10",
                              "WinLabel": "",
                              "PrizeLabel": "P1 x 3",
                              "PrizeOdds": "0",
                              "PrizePayout": "0",
                              "PrizeLines": [{
                                  "PrizeLineID": "54BC1F49-1962-493D-98F0-647C51EF2F7E",
                                  "WinAmount": "10",
                                  "Label": "P1 x 3",
                                  "RequiredQty": "3",
                                  "SymbolID": "DED385FC-D942-453B-ACEA-859795578F25",
                                  "PrizeCode": "P1",
                                  "CData": null
                              }],
                              "CData": null
                          }, {
                              "PrizeID": "68BE82DD-ED6D-4BF5-9BAE-7FACE7803E3E",
                              "Wager": "1",
                              "WinAmount": "5",
                              "WinLabel": "",
                              "PrizeLabel": "L4 x 3",
                              "PrizeOdds": "0",
                              "PrizePayout": "0",
                              "PrizeLines": [{
                                  "PrizeLineID": "57B8973A-C9A5-4D79-8CAD-77506BED15AC",
                                  "WinAmount": "5",
                                  "Label": "L4 x 3",
                                  "RequiredQty": "3",
                                  "SymbolID": "6B1AFE2D-81B0-416C-9C0C-B7672676F52B",
                                  "PrizeCode": "L4",
                                  "CData": null
                              }],
                              "CData": null
                          }, {
                              "PrizeID": "5D25A5D8-C714-40A4-BBC6-9AF07EC9940F",
                              "Wager": "1",
                              "WinAmount": "5",
                              "WinLabel": "",
                              "PrizeLabel": "L3 x 3",
                              "PrizeOdds": "0",
                              "PrizePayout": "0",
                              "PrizeLines": [{
                                  "PrizeLineID": "B09AA931-43D5-4087-9074-CB26C1AA3E70",
                                  "WinAmount": "5",
                                  "Label": "L3 x 3",
                                  "RequiredQty": "3",
                                  "SymbolID": "C8E389EF-CB4B-4B76-9D89-A25BE6FC1710",
                                  "PrizeCode": "L3",
                                  "CData": null
                              }],
                              "CData": null
                          }, {
                              "PrizeID": "75BE129B-90A7-4261-9858-A4188073D571",
                              "Wager": "1",
                              "WinAmount": "4",
                              "WinLabel": "",
                              "PrizeLabel": "L1 x 3",
                              "PrizeOdds": "0",
                              "PrizePayout": "0",
                              "PrizeLines": [{
                                  "PrizeLineID": "E7E0C94A-A180-4802-BF4F-982E82693E0C",
                                  "WinAmount": "4",
                                  "Label": "L1 x 3",
                                  "RequiredQty": "3",
                                  "SymbolID": "FA360345-102B-4EF4-BC43-BB299C6DFB07",
                                  "PrizeCode": "L1",
                                  "CData": null
                              }],
                              "CData": null
                          }, {
                              "PrizeID": "E2EDFABF-D187-4EE1-8F7B-30081C67AB03",
                              "Wager": "1",
                              "WinAmount": "4",
                              "WinLabel": "",
                              "PrizeLabel": "L2 x 3",
                              "PrizeOdds": "0",
                              "PrizePayout": "0",
                              "PrizeLines": [{
                                  "PrizeLineID": "9C798E72-6640-45A6-B89F-508812975C89",
                                  "WinAmount": "4",
                                  "Label": "L2 x 3",
                                  "RequiredQty": "3",
                                  "SymbolID": "CAEFC32C-8FAB-4C02-98F4-6196786E07C6",
                                  "PrizeCode": "L2",
                                  "CData": null
                              }],
                              "CData": null
                          }, {
                              "PrizeID": "A598570B-4ACA-4AD6-A4CD-B5A0D4F2F372",
                              "Wager": "1",
                              "WinAmount": "0",
                              "WinLabel": "",
                              "PrizeLabel": "Non Winning",
                              "PrizeOdds": "0",
                              "PrizePayout": "0",
                              "PrizeLines": [{
                                  "PrizeLineID": "62579C35-A611-4220-B74E-691347C6DA08",
                                  "WinAmount": "0",
                                  "Label": "Non Winning",
                                  "RequiredQty": "0",
                                  "SymbolID": "",
                                  "PrizeCode": "",
                                  "CData": null
                              }],
                              "CData": null
                          }],
                          "CData": null
                      }],
                      "Resources": [{
                          "Locale": "en-gb",
                          "Tokens": [{
                              "TokenID": "MSG_OUT_OF_BALANCE_BET",
                              "Text": "Your balance is not sufficient to place this bet. Please lower the bet level and try again.",
                              "CData": null
                          }, {
                              "TokenID": "TXT_BET_LINE_LABEL",
                              "Text": "Bet Line",
                              "CData": null
                          }, {
                              "TokenID": "TXT_PAYTABLE_GENERAL_INFO",
                              "Text": "Wins are calculated for combinations starting on the leftmost reel to the rightmost reel. Winning coin are based on bet level 1. Additional levels multiply the winnings. Only the highest win is paid per bet line. Additional information can be found in the Game Rules. Malfunction voids all pays and plays.",
                              "CData": null
                          }, {
                              "TokenID": "TXT_FTHS_INFO_02",
                              "Text": "Scatter Symbols award Free Spins.",
                              "CData": null
                          }, {
                              "TokenID": "TXT_AUTOPLAY_STOP_ANY",
                              "Text": "Stop on any Win",
                              "CData": null
                          }, {
                              "TokenID": "MSG_SERVER_TIME_OUT",
                              "Text": "An unexpected error has occurred. Please close the game in order to return to the lobby. We apologize for the inconvenience.",
                              "CData": null
                          }, {
                              "TokenID": "BTN_TXT_CONTINUE_LABEL",
                              "Text": "Continue Playing",
                              "CData": null
                          }, {
                              "TokenID": "TXT_FAST_SPINS_LABEL",
                              "Text": "Fast Spins",
                              "CData": null
                          }, {
                              "TokenID": "TXT_SOUND_EFFECTS_TOGGLE",
                              "Text": "Enable Sound Effects",
                              "CData": null
                          }, {
                              "TokenID": "TXT_COINS_LABEL",
                              "Text": "Coins",
                              "CData": null
                          }, {
                              "TokenID": "TXT_RGO_LABEL",
                              "Text": "Responsible Gaming",
                              "CData": null
                          }, {
                              "TokenID": "TXT_AMBIENT_SOUNDS_LABEL",
                              "Text": "Ambient Sounds",
                              "CData": null
                          }, {
                              "TokenID": "TXT_SOUND_EFFECTS_LABEL",
                              "Text": "Sound Effects",
                              "CData": null
                          }, {
                              "TokenID": "MSG_MAX_WIN",
                              "Text": "Win up to $(1) coins!",
                              "CData": null
                          }, {
                              "TokenID": "TXT_GAMEPLAY_LABEL",
                              "Text": "GamePlay",
                              "CData": null
                          }, {
                              "TokenID": "MGS_RESPONSIBLE_REALITY_CHECK_TITLE",
                              "Text": "Reality Check Message!",
                              "CData": null
                          }, {
                              "TokenID": "TXT_TOTAL_ROUNDS_LABEL",
                              "Text": "Total Rounds",
                              "CData": null
                          }, {
                              "TokenID": "TXT_PAYTABLE_LABEL",
                              "Text": "Paytable",
                              "CData": null
                          }, {
                              "TokenID": "TXT_MAX_BET_LABEL",
                              "Text": "Max Bet",
                              "CData": null
                          }, {
                              "TokenID": "TXT_PAYTABLE_PAGE_01_INFO_05",
                              "Text": "During Free Spins all prizes are doubled!",
                              "CData": null
                          }, {
                              "TokenID": "TXT_HELP_LABEL",
                              "Text": "Rules",
                              "CData": null
                          }, {
                              "TokenID": "TXT_OPTIONS_LABEL",
                              "Text": "Options",
                              "CData": null
                          }, {
                              "TokenID": "MSG_FREE_SPINS_AWARD",
                              "Text": "Free Spins: $(1)",
                              "CData": null
                          }, {
                              "TokenID": "TXT_AUTOPLAY_START_LABEL",
                              "Text": "Start Auto",
                              "CData": null
                          }, {
                              "TokenID": "TXT_SOUND_AMBIANCE_TOGGLE",
                              "Text": "Enable Ambient Sounds",
                              "CData": null
                          }, {
                              "TokenID": "TXT_FAST_SPINS_TOGGLE",
                              "Text": "Enable Fast Spins",
                              "CData": null
                          }, {
                              "TokenID": "TXT_TITLE_OPTIONS",
                              "Text": "Options",
                              "CData": null
                          }, {
                              "TokenID": "TXT_AUTOPLAY_STOP_LABEL",
                              "Text": "Stop Auto",
                              "CData": null
                          }, {
                              "TokenID": "TXT_START_LABEL",
                              "Text": "Start",
                              "CData": null
                          }, {
                              "TokenID": "TXT_PAYTABLE_PAGE_01_INFO_04",
                              "Text": "During Free Spins, any scatter wins will award 5 Free Spins regardless of how many scatter symbols appear.",
                              "CData": null
                          }, {
                              "TokenID": "TXT_SPIN",
                              "Text": "Spin",
                              "CData": null
                          }, {
                              "TokenID": "TXT_PAYTABLE_PAGE_02_INFO_05",
                              "Text": "$(1) + $(2) Free Spins",
                              "CData": null
                          }, {
                              "TokenID": "MSG_REALITY_CHECK_MM",
                              "Text": "You have been playing for $(1) minutes.",
                              "CData": null
                          }, {
                              "TokenID": "MSG_SESSION_IS_OVER",
                              "Text": "Your session has ended. Please close the game in order to return to the lobby.",
                              "CData": null
                          }, {
                              "TokenID": "TXT_RESPONSIBLE_GAMING_OPTIONS",
                              "Text": "Responsible Gaming Option",
                              "CData": null
                          }, {
                              "TokenID": "TXT_AUTOPLAY_STOP_TIME",
                              "Text": "Stop on time:",
                              "CData": null
                          }, {
                              "TokenID": "BTN_TXT_EXIT_TO_LOBBY_LABEL",
                              "Text": "Exit to Lobby",
                              "CData": null
                          }, {
                              "TokenID": "MSG_FREE_SPINS_REMAIN",
                              "Text": "$(1) Free Spins Left - Total Wins: $(2)",
                              "CData": null
                          }, {
                              "TokenID": "TXT_FTHS_INFO_01",
                              "Text": "Wild Symbols substitute all symbols except the Scatter symbol.",
                              "CData": null
                          }, {
                              "TokenID": "TXT_TOTAL_BET_LABEL",
                              "Text": "Total Bet",
                              "CData": null
                          }, {
                              "TokenID": "TXT_BALANCE_LABEL",
                              "Text": "Balance",
                              "CData": null
                          }, {
                              "TokenID": "MSG_FUN_MODE",
                              "Text": "You are playing for fun.",
                              "CData": null
                          }, {
                              "TokenID": "TXT_SOUND_LABEL",
                              "Text": "Sound",
                              "CData": null
                          }, {
                              "TokenID": "TXT_SOUND_SETTINGS_LABEL",
                              "Text": "Sound Settings",
                              "CData": null
                          }, {
                              "TokenID": "TXT_PAYTABLE_PAGE_01_INFO_06",
                              "Text": "Wild Symbols substitute all symbols except Scatter.",
                              "CData": null
                          }, {
                              "TokenID": "MSG_SMALL_WIN",
                              "Text": "You Win: $(1)!",
                              "CData": null
                          }, {
                              "TokenID": "CONTINUE_LABEL",
                              "Text": "CONTINUE",
                              "CData": null
                          }, {
                              "TokenID": "MSG_GENERIC_ERROR",
                              "Text": "An unexpected error has occurred. Please close the game in order to return to the lobby. We apologize for the inconvenience.",
                              "CData": null
                          }, {
                              "TokenID": "TXT_AUTOPLAY_LABEL",
                              "Text": "Autoplay",
                              "CData": null
                          }, {
                              "TokenID": "TXT_MAX_TIME_PER_SESSION_LABEL",
                              "Text": "Set Maximum Time Per Session",
                              "CData": null
                          }, {
                              "TokenID": "MSG_BIG_WIN",
                              "Text": "Big Win: $(1)!",
                              "CData": null
                          }, {
                              "TokenID": "MSG_OUT_OF_BALANCE_TOTAL",
                              "Text": "Your balance is not sufficient to place a bet. Please update your balance and try again.",
                              "CData": null
                          }, {
                              "TokenID": "TXT_BET_LABEL",
                              "Text": "Bet",
                              "CData": null
                          }, {
                              "TokenID": "TXT_ADVANCED_OPTIONS",
                              "Text": "Advanced Options",
                              "CData": null
                          }, {
                              "TokenID": "MSG_MEDIUM_WIN",
                              "Text": "You Win: $(1)!",
                              "CData": null
                          }, {
                              "TokenID": "TXT_PAYTABLE_PAGE_01_INFO_01",
                              "Text": "Scatter Symbols pay when appear anywhere on the board.",
                              "CData": null
                          }, {
                              "TokenID": "TXT_WIN_LABEL",
                              "Text": "Win",
                              "CData": null
                          }, {
                              "TokenID": "TXT_AUTOPLAY_STOP_WIN_AMOUNT",
                              "Text": "Stop on win amount:",
                              "CData": null
                          }, {
                              "TokenID": "TXT_REALITY_CHECK_INTERVAR_LABEL",
                              "Text": "Set Reality Check Message Interval",
                              "CData": null
                          }, {
                              "TokenID": "MSG_SESSION_TIME_LIMIT_INFO",
                              "Text": "You have set a Session Time Limit that has now been reached",
                              "CData": null
                          }, {
                              "TokenID": "TXT_LINES_LABEL",
                              "Text": "Lines",
                              "CData": null
                          }, {
                              "TokenID": "TXT_PAYTABLE_PAGE_01_INFO_07",
                              "Text": "Wild Symbols appear on all reels!",
                              "CData": null
                          }, {
                              "TokenID": "TXT_GAMEPLAY_SETTINGS_LABEL",
                              "Text": "Gameplay Settings",
                              "CData": null
                          }, {
                              "TokenID": "MSG_SESSION_TIME_LIMIT_TITLE",
                              "Text": "Session Time Limit Reached",
                              "CData": null
                          }, {
                              "TokenID": "TXT_CASH_LABEL",
                              "Text": "Cash",
                              "CData": null
                          }, {
                              "TokenID": "TXT_BET_LEVEL_LABEL",
                              "Text": "Bet Level",
                              "CData": null
                          }, {
                              "TokenID": "TXT_AUTOPLAY_STOP_LOSE",
                              "Text": "Stop on lose amount:",
                              "CData": null
                          }, {
                              "TokenID": "DONT_SHOW_AGAIN_LABEL",
                              "Text": "Don’t show again",
                              "CData": null
                          }, {
                              "TokenID": "TXT_INFO_WILD",
                              "Text": "Substitutes all except Scatter",
                              "CData": null
                          }, {
                              "TokenID": "TXT_AUTOPLAY_STOP_WIN_CASH",
                              "Text": "Stop on win cash amount:",
                              "CData": null
                          }, {
                              "TokenID": "MSG_FREE_SPINS_END",
                              "Text": "You won $(1) coins after $(2) Free Spins!",
                              "CData": null
                          }, {
                              "TokenID": "TXT_PAYTABLE_PAGE_01_INFO_03",
                              "Text": "Free Spins can be triggered within Free Spins.",
                              "CData": null
                          }, {
                              "TokenID": "TXT_COIN_VALUE_LABEL",
                              "Text": "Coin Value",
                              "CData": null
                          }, {
                              "TokenID": "MSG_WIN",
                              "Text": "WIN: $(1)",
                              "CData": null
                          }, {
                              "TokenID": "MSG_HELP",
                              "Text": "Help",
                              "CData": null
                          }, {
                              "TokenID": "TXT_PAYTABLE_PAGE_01_INFO_02",
                              "Text": "FREE SPINS",
                              "CData": null
                          }, {
                              "TokenID": "MSG_COMPATIBILITY_ERROR",
                              "Text": "Your web browser is not compatible with this game. A WebGL enabled browser is required.",
                              "CData": null
                          }, {
                              "TokenID": "MSG_DEFAULT",
                              "Text": "Good Luck!",
                              "CData": null
                          }, {
                              "TokenID": "MSG_REALITY_CHECK_HH_MM",
                              "Text": "You have been playing for $(1) hours and $(2) minutes.",
                              "CData": null
                          }, {
                              "TokenID": "MSG_RESPONSIBLE_SESSION_TIME_LIMIT",
                              "Text": "You have set a Session Time Limit that has now been reached.",
                              "CData": null
                          }, {
                              "TokenID": "TXT_FTHS_INFO_03",
                              "Text": "During Free Spins all prizes are doubled!",
                              "CData": null
                          }],
                          "CData": null
                      }],
                      "CData": null
                  },
                  "Statistics": {
                      "Handle": "16ms"
                  }
          },
          "unified_panel_localization": {
              "localized_gameplay_label": {
                  "en-GB": "Gameplay settings"
              },
              "localized_fast_spins": {
                  "en-GB": "Enable fast spins"
              },
              "localized_sound_effects": {
                  "en-GB": "Enable Sound Effects"
              },
              "localized_sound_ambiance": {
                  "en-GB": "Enable Ambiance"
              },

              "localized_fun_play": {
                  "en-GB": "PLAYING FOR FUN"
              },
              "localized_bet": {
                  "en-GB": "Bet: "
              },
              "localized_win": {
                  "en-GB": "Win: "
              },
              "localized_balance": {
                  "en-GB": "Balance: "
              }

          },
          "autoplay_specs": {
              "win_amount": 250,
              "cash_amount": "1.25",
              "time": "5Min",
              "loss": "0,75"
          }



      }
      