{"frames": [

{
	"filename": "Balloon_A_01.png",
	"frame": {"x":1,"y":1,"w":231,"h":284},
	"rotated": false,
	"trimmed": true,
	"spriteSourceSize": {"x":259,"y":57,"w":231,"h":284},
	"sourceSize": {"w":749,"h":421}
},
{
	"filename": "Balloon_A_02.png",
	"frame": {"x":1,"y":1145,"w":229,"h":284},
	"rotated": false,
	"trimmed": true,
	"spriteSourceSize": {"x":260,"y":57,"w":229,"h":284},
	"sourceSize": {"w":749,"h":421}
},
{
	"filename": "Balloon_A_03.png",
	"frame": {"x":234,"y":573,"w":223,"h":284},
	"rotated": false,
	"trimmed": true,
	"spriteSourceSize": {"x":263,"y":57,"w":223,"h":284},
	"sourceSize": {"w":749,"h":421}
},
{
	"filename": "Balloon_A_04.png",
	"frame": {"x":684,"y":859,"w":213,"h":284},
	"rotated": false,
	"trimmed": true,
	"spriteSourceSize": {"x":268,"y":57,"w":213,"h":284},
	"sourceSize": {"w":749,"h":421}
},
{
	"filename": "Balloon_A_05.png",
	"frame": {"x":688,"y":1145,"w":203,"h":284},
	"rotated": false,
	"trimmed": true,
	"spriteSourceSize": {"x":273,"y":57,"w":203,"h":284},
	"sourceSize": {"w":749,"h":421}
},
{
	"filename": "Balloon_A_06.png",
	"frame": {"x":1098,"y":1145,"w":197,"h":284},
	"rotated": false,
	"trimmed": true,
	"spriteSourceSize": {"x":276,"y":57,"w":197,"h":284},
	"sourceSize": {"w":749,"h":421}
},
{
	"filename": "Balloon_A_07.png",
	"frame": {"x":1492,"y":1717,"w":189,"h":284},
	"rotated": false,
	"trimmed": true,
	"spriteSourceSize": {"x":280,"y":57,"w":189,"h":284},
	"sourceSize": {"w":749,"h":421}
},
{
	"filename": "Balloon_A_08.png",
	"frame": {"x":1693,"y":287,"w":183,"h":284},
	"rotated": false,
	"trimmed": true,
	"spriteSourceSize": {"x":283,"y":57,"w":183,"h":284},
	"sourceSize": {"w":749,"h":421}
},
{
	"filename": "Balloon_A_09.png",
	"frame": {"x":1683,"y":573,"w":183,"h":284},
	"rotated": false,
	"trimmed": true,
	"spriteSourceSize": {"x":283,"y":57,"w":183,"h":284},
	"sourceSize": {"w":749,"h":421}
},
{
	"filename": "Balloon_A_10.png",
	"frame": {"x":1683,"y":1,"w":189,"h":284},
	"rotated": false,
	"trimmed": true,
	"spriteSourceSize": {"x":280,"y":57,"w":189,"h":284},
	"sourceSize": {"w":749,"h":421}
},
{
	"filename": "Balloon_A_11.png",
	"frame": {"x":1104,"y":859,"w":197,"h":284},
	"rotated": false,
	"trimmed": true,
	"spriteSourceSize": {"x":276,"y":57,"w":197,"h":284},
	"sourceSize": {"w":749,"h":421}
},
{
	"filename": "Balloon_A_12.png",
	"frame": {"x":678,"y":1717,"w":203,"h":284},
	"rotated": false,
	"trimmed": true,
	"spriteSourceSize": {"x":273,"y":57,"w":203,"h":284},
	"sourceSize": {"w":749,"h":421}
},
{
	"filename": "Balloon_A_13.png",
	"frame": {"x":690,"y":1,"w":213,"h":284},
	"rotated": false,
	"trimmed": true,
	"spriteSourceSize": {"x":268,"y":57,"w":213,"h":284},
	"sourceSize": {"w":749,"h":421}
},
{
	"filename": "Balloon_A_14.png",
	"frame": {"x":234,"y":859,"w":223,"h":284},
	"rotated": false,
	"trimmed": true,
	"spriteSourceSize": {"x":263,"y":57,"w":223,"h":284},
	"sourceSize": {"w":749,"h":421}
},
{
	"filename": "Balloon_A_15.png",
	"frame": {"x":1,"y":1431,"w":229,"h":284},
	"rotated": false,
	"trimmed": true,
	"spriteSourceSize": {"x":260,"y":57,"w":229,"h":284},
	"sourceSize": {"w":749,"h":421}
},
{
	"filename": "Balloon_A_16.png",
	"frame": {"x":1,"y":287,"w":231,"h":284},
	"rotated": false,
	"trimmed": true,
	"spriteSourceSize": {"x":259,"y":57,"w":231,"h":284},
	"sourceSize": {"w":749,"h":421}
},
{
	"filename": "Balloon_A_17.png",
	"frame": {"x":1,"y":1717,"w":229,"h":284},
	"rotated": false,
	"trimmed": true,
	"spriteSourceSize": {"x":260,"y":57,"w":229,"h":284},
	"sourceSize": {"w":749,"h":421}
},
{
	"filename": "Balloon_A_18.png",
	"frame": {"x":459,"y":573,"w":223,"h":284},
	"rotated": false,
	"trimmed": true,
	"spriteSourceSize": {"x":263,"y":57,"w":223,"h":284},
	"sourceSize": {"w":749,"h":421}
},
{
	"filename": "Balloon_A_19.png",
	"frame": {"x":690,"y":287,"w":213,"h":284},
	"rotated": false,
	"trimmed": true,
	"spriteSourceSize": {"x":268,"y":57,"w":213,"h":284},
	"sourceSize": {"w":749,"h":421}
},
{
	"filename": "Balloon_A_20.png",
	"frame": {"x":883,"y":1717,"w":203,"h":284},
	"rotated": false,
	"trimmed": true,
	"spriteSourceSize": {"x":273,"y":57,"w":203,"h":284},
	"sourceSize": {"w":749,"h":421}
},
{
	"filename": "Balloon_A_21.png",
	"frame": {"x":1114,"y":573,"w":197,"h":284},
	"rotated": false,
	"trimmed": true,
	"spriteSourceSize": {"x":276,"y":57,"w":197,"h":284},
	"sourceSize": {"w":749,"h":421}
},
{
	"filename": "Balloon_A_22.png",
	"frame": {"x":1120,"y":287,"w":189,"h":284},
	"rotated": false,
	"trimmed": true,
	"spriteSourceSize": {"x":280,"y":57,"w":189,"h":284},
	"sourceSize": {"w":749,"h":421}
},
{
	"filename": "Balloon_A_23.png",
	"frame": {"x":1683,"y":859,"w":183,"h":284},
	"rotated": false,
	"trimmed": true,
	"spriteSourceSize": {"x":283,"y":57,"w":183,"h":284},
	"sourceSize": {"w":749,"h":421}
},
{
	"filename": "Balloon_A_24.png",
	"frame": {"x":1683,"y":1145,"w":183,"h":284},
	"rotated": false,
	"trimmed": true,
	"spriteSourceSize": {"x":283,"y":57,"w":183,"h":284},
	"sourceSize": {"w":749,"h":421}
},
{
	"filename": "Balloon_A_25.png",
	"frame": {"x":1120,"y":1,"w":189,"h":284},
	"rotated": false,
	"trimmed": true,
	"spriteSourceSize": {"x":280,"y":57,"w":189,"h":284},
	"sourceSize": {"w":749,"h":421}
},
{
	"filename": "Balloon_A_26.png",
	"frame": {"x":1098,"y":1431,"w":197,"h":284},
	"rotated": false,
	"trimmed": true,
	"spriteSourceSize": {"x":276,"y":57,"w":197,"h":284},
	"sourceSize": {"w":749,"h":421}
},
{
	"filename": "Balloon_A_27.png",
	"frame": {"x":893,"y":1145,"w":203,"h":284},
	"rotated": false,
	"trimmed": true,
	"spriteSourceSize": {"x":273,"y":57,"w":203,"h":284},
	"sourceSize": {"w":749,"h":421}
},
{
	"filename": "Balloon_A_28.png",
	"frame": {"x":905,"y":1,"w":213,"h":284},
	"rotated": false,
	"trimmed": true,
	"spriteSourceSize": {"x":268,"y":57,"w":213,"h":284},
	"sourceSize": {"w":749,"h":421}
},
{
	"filename": "Balloon_A_29.png",
	"frame": {"x":459,"y":859,"w":223,"h":284},
	"rotated": false,
	"trimmed": true,
	"spriteSourceSize": {"x":263,"y":57,"w":223,"h":284},
	"sourceSize": {"w":749,"h":421}
},
{
	"filename": "Balloon_A_30.png",
	"frame": {"x":232,"y":1145,"w":229,"h":284},
	"rotated": false,
	"trimmed": true,
	"spriteSourceSize": {"x":260,"y":57,"w":229,"h":284},
	"sourceSize": {"w":749,"h":421}
},
{
	"filename": "Balloon_B_01.png",
	"frame": {"x":1,"y":573,"w":231,"h":284},
	"rotated": false,
	"trimmed": true,
	"spriteSourceSize": {"x":259,"y":57,"w":231,"h":284},
	"sourceSize": {"w":749,"h":421}
},
{
	"filename": "Balloon_B_02.png",
	"frame": {"x":232,"y":1431,"w":229,"h":284},
	"rotated": false,
	"trimmed": true,
	"spriteSourceSize": {"x":260,"y":57,"w":229,"h":284},
	"sourceSize": {"w":749,"h":421}
},
{
	"filename": "Balloon_B_03.png",
	"frame": {"x":465,"y":1,"w":223,"h":284},
	"rotated": false,
	"trimmed": true,
	"spriteSourceSize": {"x":263,"y":57,"w":223,"h":284},
	"sourceSize": {"w":749,"h":421}
},
{
	"filename": "Balloon_B_04.png",
	"frame": {"x":905,"y":287,"w":213,"h":284},
	"rotated": false,
	"trimmed": true,
	"spriteSourceSize": {"x":268,"y":57,"w":213,"h":284},
	"sourceSize": {"w":749,"h":421}
},
{
	"filename": "Balloon_B_05.png",
	"frame": {"x":899,"y":859,"w":203,"h":284},
	"rotated": false,
	"trimmed": true,
	"spriteSourceSize": {"x":273,"y":57,"w":203,"h":284},
	"sourceSize": {"w":749,"h":421}
},
{
	"filename": "Balloon_B_06.png",
	"frame": {"x":1293,"y":1717,"w":197,"h":284},
	"rotated": false,
	"trimmed": true,
	"spriteSourceSize": {"x":276,"y":57,"w":197,"h":284},
	"sourceSize": {"w":749,"h":421}
},
{
	"filename": "Balloon_B_07.png",
	"frame": {"x":1311,"y":287,"w":189,"h":284},
	"rotated": false,
	"trimmed": true,
	"spriteSourceSize": {"x":280,"y":57,"w":189,"h":284},
	"sourceSize": {"w":749,"h":421}
},
{
	"filename": "Balloon_B_08.png",
	"frame": {"x":1496,"y":1431,"w":183,"h":284},
	"rotated": false,
	"trimmed": true,
	"spriteSourceSize": {"x":283,"y":57,"w":183,"h":284},
	"sourceSize": {"w":749,"h":421}
},
{
	"filename": "Balloon_B_09.png",
	"frame": {"x":1496,"y":1145,"w":183,"h":284},
	"rotated": false,
	"trimmed": true,
	"spriteSourceSize": {"x":283,"y":57,"w":183,"h":284},
	"sourceSize": {"w":749,"h":421}
},
{
	"filename": "Balloon_B_10.png",
	"frame": {"x":1311,"y":1,"w":189,"h":284},
	"rotated": false,
	"trimmed": true,
	"spriteSourceSize": {"x":280,"y":57,"w":189,"h":284},
	"sourceSize": {"w":749,"h":421}
},
{
	"filename": "Balloon_B_11.png",
	"frame": {"x":1297,"y":1145,"w":197,"h":284},
	"rotated": false,
	"trimmed": true,
	"spriteSourceSize": {"x":276,"y":57,"w":197,"h":284},
	"sourceSize": {"w":749,"h":421}
},
{
	"filename": "Balloon_B_12.png",
	"frame": {"x":909,"y":573,"w":203,"h":284},
	"rotated": false,
	"trimmed": true,
	"spriteSourceSize": {"x":273,"y":57,"w":203,"h":284},
	"sourceSize": {"w":749,"h":421}
},
{
	"filename": "Balloon_B_13.png",
	"frame": {"x":463,"y":1431,"w":213,"h":284},
	"rotated": false,
	"trimmed": true,
	"spriteSourceSize": {"x":268,"y":57,"w":213,"h":284},
	"sourceSize": {"w":749,"h":421}
},
{
	"filename": "Balloon_B_14.png",
	"frame": {"x":465,"y":287,"w":223,"h":284},
	"rotated": false,
	"trimmed": true,
	"spriteSourceSize": {"x":263,"y":57,"w":223,"h":284},
	"sourceSize": {"w":749,"h":421}
},
{
	"filename": "Balloon_B_15.png",
	"frame": {"x":232,"y":1717,"w":229,"h":284},
	"rotated": false,
	"trimmed": true,
	"spriteSourceSize": {"x":260,"y":57,"w":229,"h":284},
	"sourceSize": {"w":749,"h":421}
},
{
	"filename": "Balloon_B_16.png",
	"frame": {"x":1,"y":859,"w":231,"h":284},
	"rotated": false,
	"trimmed": true,
	"spriteSourceSize": {"x":259,"y":57,"w":231,"h":284},
	"sourceSize": {"w":749,"h":421}
},
{
	"filename": "Balloon_B_17.png",
	"frame": {"x":234,"y":1,"w":229,"h":284},
	"rotated": false,
	"trimmed": true,
	"spriteSourceSize": {"x":260,"y":57,"w":229,"h":284},
	"sourceSize": {"w":749,"h":421}
},
{
	"filename": "Balloon_B_18.png",
	"frame": {"x":463,"y":1145,"w":223,"h":284},
	"rotated": false,
	"trimmed": true,
	"spriteSourceSize": {"x":263,"y":57,"w":223,"h":284},
	"sourceSize": {"w":749,"h":421}
},
{
	"filename": "Balloon_B_19.png",
	"frame": {"x":463,"y":1717,"w":213,"h":284},
	"rotated": false,
	"trimmed": true,
	"spriteSourceSize": {"x":268,"y":57,"w":213,"h":284},
	"sourceSize": {"w":749,"h":421}
},
{
	"filename": "Balloon_B_20.png",
	"frame": {"x":893,"y":1431,"w":203,"h":284},
	"rotated": false,
	"trimmed": true,
	"spriteSourceSize": {"x":273,"y":57,"w":203,"h":284},
	"sourceSize": {"w":749,"h":421}
},
{
	"filename": "Balloon_B_21.png",
	"frame": {"x":1303,"y":859,"w":197,"h":284},
	"rotated": false,
	"trimmed": true,
	"spriteSourceSize": {"x":276,"y":57,"w":197,"h":284},
	"sourceSize": {"w":749,"h":421}
},
{
	"filename": "Balloon_B_22.png",
	"frame": {"x":1313,"y":573,"w":189,"h":284},
	"rotated": false,
	"trimmed": true,
	"spriteSourceSize": {"x":280,"y":57,"w":189,"h":284},
	"sourceSize": {"w":749,"h":421}
},
{
	"filename": "Balloon_B_23.png",
	"frame": {"x":1681,"y":1431,"w":183,"h":284},
	"rotated": false,
	"trimmed": true,
	"spriteSourceSize": {"x":283,"y":57,"w":183,"h":284},
	"sourceSize": {"w":749,"h":421}
},
{
	"filename": "Balloon_B_24.png",
	"frame": {"x":1683,"y":1717,"w":183,"h":284},
	"rotated": false,
	"trimmed": true,
	"spriteSourceSize": {"x":283,"y":57,"w":183,"h":284},
	"sourceSize": {"w":749,"h":421}
},
{
	"filename": "Balloon_B_25.png",
	"frame": {"x":1502,"y":287,"w":189,"h":284},
	"rotated": false,
	"trimmed": true,
	"spriteSourceSize": {"x":280,"y":57,"w":189,"h":284},
	"sourceSize": {"w":749,"h":421}
},
{
	"filename": "Balloon_B_26.png",
	"frame": {"x":1297,"y":1431,"w":197,"h":284},
	"rotated": false,
	"trimmed": true,
	"spriteSourceSize": {"x":276,"y":57,"w":197,"h":284},
	"sourceSize": {"w":749,"h":421}
},
{
	"filename": "Balloon_B_27.png",
	"frame": {"x":1088,"y":1717,"w":203,"h":284},
	"rotated": false,
	"trimmed": true,
	"spriteSourceSize": {"x":273,"y":57,"w":203,"h":284},
	"sourceSize": {"w":749,"h":421}
},
{
	"filename": "Balloon_B_28.png",
	"frame": {"x":678,"y":1431,"w":213,"h":284},
	"rotated": false,
	"trimmed": true,
	"spriteSourceSize": {"x":268,"y":57,"w":213,"h":284},
	"sourceSize": {"w":749,"h":421}
},
{
	"filename": "Balloon_B_29.png",
	"frame": {"x":684,"y":573,"w":223,"h":284},
	"rotated": false,
	"trimmed": true,
	"spriteSourceSize": {"x":263,"y":57,"w":223,"h":284},
	"sourceSize": {"w":749,"h":421}
},
{
	"filename": "Balloon_B_30.png",
	"frame": {"x":234,"y":287,"w":229,"h":284},
	"rotated": false,
	"trimmed": true,
	"spriteSourceSize": {"x":260,"y":57,"w":229,"h":284},
	"sourceSize": {"w":749,"h":421}
}],
"meta": {
	"app": "http://www.codeandweb.com/texturepacker",
	"version": "1.0",
	"image": "balloons.png",
	"format": "RGBA8888",
	"size": {"w":2048,"h":2048},
	"scale": "0.39",
	"smartupdate": "$TexturePacker:SmartUpdate:9409e18f96ffca278e076c1c9c282655:e2b3118d3430044611a1d2dacc0f5a1c:1f76e39750ef6e7665adb3d0943b9bfa$"
}
}
