{"frames": [

{
	"filename": "bedbuglogo_00000.png",
	"frame": {"x":990,"y":1,"w":3,"h":3},
	"rotated": false,
	"trimmed": true,
	"spriteSourceSize": {"x":0,"y":0,"w":3,"h":3},
	"sourceSize": {"w":300,"h":100}
},
{
	"filename": "bedbuglogo_00001.png",
	"frame": {"x":990,"y":1,"w":3,"h":3},
	"rotated": false,
	"trimmed": true,
	"spriteSourceSize": {"x":0,"y":0,"w":3,"h":3},
	"sourceSize": {"w":300,"h":100}
},
{
	"filename": "bedbuglogo_00002.png",
	"frame": {"x":990,"y":1,"w":3,"h":3},
	"rotated": false,
	"trimmed": true,
	"spriteSourceSize": {"x":0,"y":0,"w":3,"h":3},
	"sourceSize": {"w":300,"h":100}
},
{
	"filename": "bedbuglogo_00003.png",
	"frame": {"x":990,"y":1,"w":3,"h":3},
	"rotated": false,
	"trimmed": true,
	"spriteSourceSize": {"x":0,"y":0,"w":3,"h":3},
	"sourceSize": {"w":300,"h":100}
},
{
	"filename": "bedbuglogo_00004.png",
	"frame": {"x":990,"y":1,"w":3,"h":3},
	"rotated": false,
	"trimmed": true,
	"spriteSourceSize": {"x":0,"y":0,"w":3,"h":3},
	"sourceSize": {"w":300,"h":100}
},
{
	"filename": "bedbuglogo_00005.png",
	"frame": {"x":990,"y":1,"w":3,"h":3},
	"rotated": false,
	"trimmed": true,
	"spriteSourceSize": {"x":0,"y":0,"w":3,"h":3},
	"sourceSize": {"w":300,"h":100}
},
{
	"filename": "bedbuglogo_00006.png",
	"frame": {"x":990,"y":1,"w":3,"h":3},
	"rotated": false,
	"trimmed": true,
	"spriteSourceSize": {"x":0,"y":0,"w":3,"h":3},
	"sourceSize": {"w":300,"h":100}
},
{
	"filename": "bedbuglogo_00007.png",
	"frame": {"x":990,"y":1,"w":3,"h":3},
	"rotated": false,
	"trimmed": true,
	"spriteSourceSize": {"x":0,"y":0,"w":3,"h":3},
	"sourceSize": {"w":300,"h":100}
},
{
	"filename": "bedbuglogo_00008.png",
	"frame": {"x":990,"y":1,"w":3,"h":3},
	"rotated": false,
	"trimmed": true,
	"spriteSourceSize": {"x":0,"y":0,"w":3,"h":3},
	"sourceSize": {"w":300,"h":100}
},
{
	"filename": "bedbuglogo_00009.png",
	"frame": {"x":990,"y":1,"w":3,"h":3},
	"rotated": false,
	"trimmed": true,
	"spriteSourceSize": {"x":0,"y":0,"w":3,"h":3},
	"sourceSize": {"w":300,"h":100}
},
{
	"filename": "bedbuglogo_00010.png",
	"frame": {"x":197,"y":1733,"w":96,"h":87},
	"rotated": false,
	"trimmed": true,
	"spriteSourceSize": {"x":99,"y":0,"w":96,"h":87},
	"sourceSize": {"w":300,"h":100}
},
{
	"filename": "bedbuglogo_00011.png",
	"frame": {"x":892,"y":1,"w":96,"h":88},
	"rotated": false,
	"trimmed": true,
	"spriteSourceSize": {"x":99,"y":0,"w":96,"h":88},
	"sourceSize": {"w":300,"h":100}
},
{
	"filename": "bedbuglogo_00012.png",
	"frame": {"x":892,"y":91,"w":96,"h":88},
	"rotated": false,
	"trimmed": true,
	"spriteSourceSize": {"x":99,"y":0,"w":96,"h":88},
	"sourceSize": {"w":300,"h":100}
},
{
	"filename": "bedbuglogo_00013.png",
	"frame": {"x":892,"y":181,"w":96,"h":88},
	"rotated": false,
	"trimmed": true,
	"spriteSourceSize": {"x":99,"y":0,"w":96,"h":88},
	"sourceSize": {"w":300,"h":100}
},
{
	"filename": "bedbuglogo_00014.png",
	"frame": {"x":891,"y":271,"w":96,"h":88},
	"rotated": false,
	"trimmed": true,
	"spriteSourceSize": {"x":99,"y":0,"w":96,"h":88},
	"sourceSize": {"w":300,"h":100}
},
{
	"filename": "bedbuglogo_00015.png",
	"frame": {"x":855,"y":361,"w":96,"h":88},
	"rotated": false,
	"trimmed": true,
	"spriteSourceSize": {"x":99,"y":0,"w":96,"h":88},
	"sourceSize": {"w":300,"h":100}
},
{
	"filename": "bedbuglogo_00016.png",
	"frame": {"x":846,"y":1171,"w":96,"h":88},
	"rotated": false,
	"trimmed": true,
	"spriteSourceSize": {"x":99,"y":0,"w":96,"h":88},
	"sourceSize": {"w":300,"h":100}
},
{
	"filename": "bedbuglogo_00017.png",
	"frame": {"x":378,"y":1462,"w":96,"h":88},
	"rotated": false,
	"trimmed": true,
	"spriteSourceSize": {"x":99,"y":0,"w":96,"h":88},
	"sourceSize": {"w":300,"h":100}
},
{
	"filename": "bedbuglogo_00018.png",
	"frame": {"x":189,"y":1463,"w":96,"h":88},
	"rotated": false,
	"trimmed": true,
	"spriteSourceSize": {"x":99,"y":0,"w":96,"h":88},
	"sourceSize": {"w":300,"h":100}
},
{
	"filename": "bedbuglogo_00019.png",
	"frame": {"x":1,"y":1464,"w":96,"h":88},
	"rotated": false,
	"trimmed": true,
	"spriteSourceSize": {"x":99,"y":0,"w":96,"h":88},
	"sourceSize": {"w":300,"h":100}
},
{
	"filename": "bedbuglogo_00020.png",
	"frame": {"x":756,"y":1441,"w":96,"h":88},
	"rotated": false,
	"trimmed": true,
	"spriteSourceSize": {"x":99,"y":0,"w":96,"h":88},
	"sourceSize": {"w":300,"h":100}
},
{
	"filename": "bedbuglogo_00021.png",
	"frame": {"x":854,"y":1441,"w":96,"h":88},
	"rotated": false,
	"trimmed": true,
	"spriteSourceSize": {"x":99,"y":0,"w":96,"h":88},
	"sourceSize": {"w":300,"h":100}
},
{
	"filename": "bedbuglogo_00022.png",
	"frame": {"x":1,"y":1554,"w":96,"h":88},
	"rotated": false,
	"trimmed": true,
	"spriteSourceSize": {"x":99,"y":0,"w":96,"h":88},
	"sourceSize": {"w":300,"h":100}
},
{
	"filename": "bedbuglogo_00023.png",
	"frame": {"x":1,"y":1554,"w":96,"h":88},
	"rotated": false,
	"trimmed": true,
	"spriteSourceSize": {"x":99,"y":0,"w":96,"h":88},
	"sourceSize": {"w":300,"h":100}
},
{
	"filename": "bedbuglogo_00024.png",
	"frame": {"x":1,"y":1644,"w":96,"h":88},
	"rotated": false,
	"trimmed": true,
	"spriteSourceSize": {"x":99,"y":0,"w":96,"h":88},
	"sourceSize": {"w":300,"h":100}
},
{
	"filename": "bedbuglogo_00025.png",
	"frame": {"x":1,"y":1644,"w":96,"h":88},
	"rotated": false,
	"trimmed": true,
	"spriteSourceSize": {"x":99,"y":0,"w":96,"h":88},
	"sourceSize": {"w":300,"h":100}
},
{
	"filename": "bedbuglogo_00026.png",
	"frame": {"x":1,"y":1644,"w":96,"h":88},
	"rotated": false,
	"trimmed": true,
	"spriteSourceSize": {"x":99,"y":0,"w":96,"h":88},
	"sourceSize": {"w":300,"h":100}
},
{
	"filename": "bedbuglogo_00027.png",
	"frame": {"x":1,"y":1734,"w":96,"h":88},
	"rotated": false,
	"trimmed": true,
	"spriteSourceSize": {"x":99,"y":0,"w":96,"h":88},
	"sourceSize": {"w":300,"h":100}
},
{
	"filename": "bedbuglogo_00028.png",
	"frame": {"x":1,"y":1824,"w":96,"h":88},
	"rotated": false,
	"trimmed": true,
	"spriteSourceSize": {"x":99,"y":0,"w":96,"h":88},
	"sourceSize": {"w":300,"h":100}
},
{
	"filename": "bedbuglogo_00029.png",
	"frame": {"x":1,"y":1914,"w":96,"h":88},
	"rotated": false,
	"trimmed": true,
	"spriteSourceSize": {"x":99,"y":0,"w":96,"h":88},
	"sourceSize": {"w":300,"h":100}
},
{
	"filename": "bedbuglogo_00030.png",
	"frame": {"x":1,"y":1914,"w":96,"h":88},
	"rotated": false,
	"trimmed": true,
	"spriteSourceSize": {"x":99,"y":0,"w":96,"h":88},
	"sourceSize": {"w":300,"h":100}
},
{
	"filename": "bedbuglogo_00031.png",
	"frame": {"x":1,"y":1914,"w":96,"h":88},
	"rotated": false,
	"trimmed": true,
	"spriteSourceSize": {"x":99,"y":0,"w":96,"h":88},
	"sourceSize": {"w":300,"h":100}
},
{
	"filename": "bedbuglogo_00032.png",
	"frame": {"x":1,"y":1914,"w":96,"h":88},
	"rotated": false,
	"trimmed": true,
	"spriteSourceSize": {"x":99,"y":0,"w":96,"h":88},
	"sourceSize": {"w":300,"h":100}
},
{
	"filename": "bedbuglogo_00033.png",
	"frame": {"x":99,"y":1553,"w":96,"h":88},
	"rotated": false,
	"trimmed": true,
	"spriteSourceSize": {"x":99,"y":0,"w":96,"h":88},
	"sourceSize": {"w":300,"h":100}
},
{
	"filename": "bedbuglogo_00034.png",
	"frame": {"x":99,"y":1643,"w":96,"h":88},
	"rotated": false,
	"trimmed": true,
	"spriteSourceSize": {"x":99,"y":0,"w":96,"h":88},
	"sourceSize": {"w":300,"h":100}
},
{
	"filename": "bedbuglogo_00035.png",
	"frame": {"x":99,"y":1733,"w":96,"h":88},
	"rotated": false,
	"trimmed": true,
	"spriteSourceSize": {"x":99,"y":0,"w":96,"h":88},
	"sourceSize": {"w":300,"h":100}
},
{
	"filename": "bedbuglogo_00036.png",
	"frame": {"x":99,"y":1823,"w":96,"h":88},
	"rotated": false,
	"trimmed": true,
	"spriteSourceSize": {"x":99,"y":0,"w":96,"h":88},
	"sourceSize": {"w":300,"h":100}
},
{
	"filename": "bedbuglogo_00037.png",
	"frame": {"x":99,"y":1823,"w":96,"h":88},
	"rotated": false,
	"trimmed": true,
	"spriteSourceSize": {"x":99,"y":0,"w":96,"h":88},
	"sourceSize": {"w":300,"h":100}
},
{
	"filename": "bedbuglogo_00038.png",
	"frame": {"x":99,"y":1823,"w":96,"h":88},
	"rotated": false,
	"trimmed": true,
	"spriteSourceSize": {"x":99,"y":0,"w":96,"h":88},
	"sourceSize": {"w":300,"h":100}
},
{
	"filename": "bedbuglogo_00039.png",
	"frame": {"x":1,"y":1914,"w":96,"h":88},
	"rotated": false,
	"trimmed": true,
	"spriteSourceSize": {"x":99,"y":0,"w":96,"h":88},
	"sourceSize": {"w":300,"h":100}
},
{
	"filename": "bedbuglogo_00040.png",
	"frame": {"x":1,"y":1914,"w":96,"h":88},
	"rotated": false,
	"trimmed": true,
	"spriteSourceSize": {"x":99,"y":0,"w":96,"h":88},
	"sourceSize": {"w":300,"h":100}
},
{
	"filename": "bedbuglogo_00041.png",
	"frame": {"x":1,"y":1914,"w":96,"h":88},
	"rotated": false,
	"trimmed": true,
	"spriteSourceSize": {"x":99,"y":0,"w":96,"h":88},
	"sourceSize": {"w":300,"h":100}
},
{
	"filename": "bedbuglogo_00042.png",
	"frame": {"x":1,"y":1914,"w":96,"h":88},
	"rotated": false,
	"trimmed": true,
	"spriteSourceSize": {"x":99,"y":0,"w":96,"h":88},
	"sourceSize": {"w":300,"h":100}
},
{
	"filename": "bedbuglogo_00043.png",
	"frame": {"x":1,"y":1914,"w":96,"h":88},
	"rotated": false,
	"trimmed": true,
	"spriteSourceSize": {"x":99,"y":0,"w":96,"h":88},
	"sourceSize": {"w":300,"h":100}
},
{
	"filename": "bedbuglogo_00044.png",
	"frame": {"x":1,"y":1914,"w":96,"h":88},
	"rotated": false,
	"trimmed": true,
	"spriteSourceSize": {"x":99,"y":0,"w":96,"h":88},
	"sourceSize": {"w":300,"h":100}
},
{
	"filename": "bedbuglogo_00045.png",
	"frame": {"x":99,"y":1913,"w":96,"h":88},
	"rotated": false,
	"trimmed": true,
	"spriteSourceSize": {"x":99,"y":0,"w":96,"h":88},
	"sourceSize": {"w":300,"h":100}
},
{
	"filename": "bedbuglogo_00046.png",
	"frame": {"x":197,"y":1553,"w":96,"h":88},
	"rotated": false,
	"trimmed": true,
	"spriteSourceSize": {"x":99,"y":0,"w":96,"h":88},
	"sourceSize": {"w":300,"h":100}
},
{
	"filename": "bedbuglogo_00047.png",
	"frame": {"x":99,"y":1823,"w":96,"h":88},
	"rotated": false,
	"trimmed": true,
	"spriteSourceSize": {"x":99,"y":0,"w":96,"h":88},
	"sourceSize": {"w":300,"h":100}
},
{
	"filename": "bedbuglogo_00048.png",
	"frame": {"x":99,"y":1823,"w":96,"h":88},
	"rotated": false,
	"trimmed": true,
	"spriteSourceSize": {"x":99,"y":0,"w":96,"h":88},
	"sourceSize": {"w":300,"h":100}
},
{
	"filename": "bedbuglogo_00049.png",
	"frame": {"x":197,"y":1643,"w":96,"h":88},
	"rotated": false,
	"trimmed": true,
	"spriteSourceSize": {"x":99,"y":0,"w":96,"h":88},
	"sourceSize": {"w":300,"h":100}
},
{
	"filename": "bedbuglogo_00050.png",
	"frame": {"x":1,"y":1914,"w":96,"h":88},
	"rotated": false,
	"trimmed": true,
	"spriteSourceSize": {"x":99,"y":0,"w":96,"h":88},
	"sourceSize": {"w":300,"h":100}
},
{
	"filename": "bedbuglogo_00051.png",
	"frame": {"x":1,"y":1914,"w":96,"h":88},
	"rotated": false,
	"trimmed": true,
	"spriteSourceSize": {"x":99,"y":0,"w":96,"h":88},
	"sourceSize": {"w":300,"h":100}
},
{
	"filename": "bedbuglogo_00052.png",
	"frame": {"x":1,"y":1914,"w":96,"h":88},
	"rotated": false,
	"trimmed": true,
	"spriteSourceSize": {"x":99,"y":0,"w":96,"h":88},
	"sourceSize": {"w":300,"h":100}
},
{
	"filename": "bedbuglogo_00053.png",
	"frame": {"x":1,"y":1914,"w":96,"h":88},
	"rotated": false,
	"trimmed": true,
	"spriteSourceSize": {"x":99,"y":0,"w":96,"h":88},
	"sourceSize": {"w":300,"h":100}
},
{
	"filename": "bedbuglogo_00054.png",
	"frame": {"x":1,"y":1914,"w":96,"h":88},
	"rotated": false,
	"trimmed": true,
	"spriteSourceSize": {"x":99,"y":0,"w":96,"h":88},
	"sourceSize": {"w":300,"h":100}
},
{
	"filename": "bedbuglogo_00055.png",
	"frame": {"x":1,"y":1914,"w":96,"h":88},
	"rotated": false,
	"trimmed": true,
	"spriteSourceSize": {"x":99,"y":0,"w":96,"h":88},
	"sourceSize": {"w":300,"h":100}
},
{
	"filename": "bedbuglogo_00056.png",
	"frame": {"x":1,"y":1914,"w":96,"h":88},
	"rotated": false,
	"trimmed": true,
	"spriteSourceSize": {"x":99,"y":0,"w":96,"h":88},
	"sourceSize": {"w":300,"h":100}
},
{
	"filename": "bedbuglogo_00057.png",
	"frame": {"x":1,"y":1914,"w":96,"h":88},
	"rotated": false,
	"trimmed": true,
	"spriteSourceSize": {"x":99,"y":0,"w":96,"h":88},
	"sourceSize": {"w":300,"h":100}
},
{
	"filename": "bedbuglogo_00058.png",
	"frame": {"x":1,"y":1914,"w":96,"h":88},
	"rotated": false,
	"trimmed": true,
	"spriteSourceSize": {"x":99,"y":0,"w":96,"h":88},
	"sourceSize": {"w":300,"h":100}
},
{
	"filename": "bedbuglogo_00059.png",
	"frame": {"x":1,"y":1914,"w":96,"h":88},
	"rotated": false,
	"trimmed": true,
	"spriteSourceSize": {"x":99,"y":0,"w":96,"h":88},
	"sourceSize": {"w":300,"h":100}
},
{
	"filename": "bedbuglogo_00060.png",
	"frame": {"x":1,"y":1914,"w":96,"h":88},
	"rotated": false,
	"trimmed": true,
	"spriteSourceSize": {"x":99,"y":0,"w":96,"h":88},
	"sourceSize": {"w":300,"h":100}
},
{
	"filename": "bedbuglogo_00061.png",
	"frame": {"x":1,"y":1914,"w":96,"h":88},
	"rotated": false,
	"trimmed": true,
	"spriteSourceSize": {"x":99,"y":0,"w":96,"h":88},
	"sourceSize": {"w":300,"h":100}
},
{
	"filename": "bedbuglogo_00062.png",
	"frame": {"x":1,"y":1914,"w":96,"h":88},
	"rotated": false,
	"trimmed": true,
	"spriteSourceSize": {"x":99,"y":0,"w":96,"h":88},
	"sourceSize": {"w":300,"h":100}
},
{
	"filename": "bedbuglogo_00063.png",
	"frame": {"x":1,"y":1914,"w":96,"h":88},
	"rotated": false,
	"trimmed": true,
	"spriteSourceSize": {"x":99,"y":0,"w":96,"h":88},
	"sourceSize": {"w":300,"h":100}
},
{
	"filename": "bedbuglogo_00064.png",
	"frame": {"x":1,"y":1914,"w":96,"h":88},
	"rotated": false,
	"trimmed": true,
	"spriteSourceSize": {"x":99,"y":0,"w":96,"h":88},
	"sourceSize": {"w":300,"h":100}
},
{
	"filename": "bedbuglogo_00065.png",
	"frame": {"x":1,"y":1914,"w":96,"h":88},
	"rotated": false,
	"trimmed": true,
	"spriteSourceSize": {"x":99,"y":0,"w":96,"h":88},
	"sourceSize": {"w":300,"h":100}
},
{
	"filename": "bedbuglogo_00066.png",
	"frame": {"x":1,"y":1914,"w":96,"h":88},
	"rotated": false,
	"trimmed": true,
	"spriteSourceSize": {"x":99,"y":0,"w":96,"h":88},
	"sourceSize": {"w":300,"h":100}
},
{
	"filename": "bedbuglogo_00067.png",
	"frame": {"x":1,"y":1914,"w":96,"h":88},
	"rotated": false,
	"trimmed": true,
	"spriteSourceSize": {"x":99,"y":0,"w":96,"h":88},
	"sourceSize": {"w":300,"h":100}
},
{
	"filename": "bedbuglogo_00068.png",
	"frame": {"x":1,"y":1914,"w":96,"h":88},
	"rotated": false,
	"trimmed": true,
	"spriteSourceSize": {"x":99,"y":0,"w":96,"h":88},
	"sourceSize": {"w":300,"h":100}
},
{
	"filename": "bedbuglogo_00069.png",
	"frame": {"x":1,"y":1914,"w":96,"h":88},
	"rotated": false,
	"trimmed": true,
	"spriteSourceSize": {"x":99,"y":0,"w":96,"h":88},
	"sourceSize": {"w":300,"h":100}
},
{
	"filename": "bedbuglogo_00070.png",
	"frame": {"x":1,"y":1914,"w":96,"h":88},
	"rotated": false,
	"trimmed": true,
	"spriteSourceSize": {"x":99,"y":0,"w":96,"h":88},
	"sourceSize": {"w":300,"h":100}
},
{
	"filename": "bedbuglogo_00071.png",
	"frame": {"x":1,"y":1914,"w":96,"h":88},
	"rotated": false,
	"trimmed": true,
	"spriteSourceSize": {"x":99,"y":0,"w":96,"h":88},
	"sourceSize": {"w":300,"h":100}
},
{
	"filename": "bedbuglogo_00072.png",
	"frame": {"x":1,"y":1914,"w":96,"h":88},
	"rotated": false,
	"trimmed": true,
	"spriteSourceSize": {"x":99,"y":0,"w":96,"h":88},
	"sourceSize": {"w":300,"h":100}
},
{
	"filename": "bedbuglogo_00073.png",
	"frame": {"x":1,"y":1914,"w":96,"h":88},
	"rotated": false,
	"trimmed": true,
	"spriteSourceSize": {"x":99,"y":0,"w":96,"h":88},
	"sourceSize": {"w":300,"h":100}
},
{
	"filename": "bedbuglogo_00074.png",
	"frame": {"x":1,"y":1914,"w":96,"h":88},
	"rotated": false,
	"trimmed": true,
	"spriteSourceSize": {"x":99,"y":0,"w":96,"h":88},
	"sourceSize": {"w":300,"h":100}
},
{
	"filename": "bedbuglogo_00075.png",
	"frame": {"x":1,"y":1914,"w":96,"h":88},
	"rotated": false,
	"trimmed": true,
	"spriteSourceSize": {"x":99,"y":0,"w":96,"h":88},
	"sourceSize": {"w":300,"h":100}
},
{
	"filename": "bedbuglogo_00076.png",
	"frame": {"x":1,"y":1914,"w":96,"h":88},
	"rotated": false,
	"trimmed": true,
	"spriteSourceSize": {"x":99,"y":0,"w":96,"h":88},
	"sourceSize": {"w":300,"h":100}
},
{
	"filename": "bedbuglogo_00077.png",
	"frame": {"x":1,"y":1914,"w":96,"h":88},
	"rotated": false,
	"trimmed": true,
	"spriteSourceSize": {"x":99,"y":0,"w":96,"h":88},
	"sourceSize": {"w":300,"h":100}
},
{
	"filename": "bedbuglogo_00078.png",
	"frame": {"x":1,"y":1914,"w":96,"h":88},
	"rotated": false,
	"trimmed": true,
	"spriteSourceSize": {"x":99,"y":0,"w":96,"h":88},
	"sourceSize": {"w":300,"h":100}
},
{
	"filename": "bedbuglogo_00079.png",
	"frame": {"x":1,"y":1914,"w":96,"h":88},
	"rotated": false,
	"trimmed": true,
	"spriteSourceSize": {"x":99,"y":0,"w":96,"h":88},
	"sourceSize": {"w":300,"h":100}
},
{
	"filename": "bedbuglogo_00080.png",
	"frame": {"x":1,"y":1914,"w":96,"h":88},
	"rotated": false,
	"trimmed": true,
	"spriteSourceSize": {"x":99,"y":0,"w":96,"h":88},
	"sourceSize": {"w":300,"h":100}
},
{
	"filename": "bedbuglogo_00081.png",
	"frame": {"x":1,"y":1914,"w":96,"h":88},
	"rotated": false,
	"trimmed": true,
	"spriteSourceSize": {"x":99,"y":0,"w":96,"h":88},
	"sourceSize": {"w":300,"h":100}
},
{
	"filename": "bedbuglogo_00082.png",
	"frame": {"x":1,"y":1914,"w":96,"h":88},
	"rotated": false,
	"trimmed": true,
	"spriteSourceSize": {"x":99,"y":0,"w":96,"h":88},
	"sourceSize": {"w":300,"h":100}
},
{
	"filename": "bedbuglogo_00083.png",
	"frame": {"x":1,"y":1914,"w":96,"h":88},
	"rotated": false,
	"trimmed": true,
	"spriteSourceSize": {"x":99,"y":0,"w":96,"h":88},
	"sourceSize": {"w":300,"h":100}
},
{
	"filename": "bedbuglogo_00084.png",
	"frame": {"x":762,"y":1261,"w":186,"h":88},
	"rotated": false,
	"trimmed": true,
	"spriteSourceSize": {"x":9,"y":0,"w":186,"h":88},
	"sourceSize": {"w":300,"h":100}
},
{
	"filename": "bedbuglogo_00085.png",
	"frame": {"x":570,"y":1351,"w":186,"h":88},
	"rotated": false,
	"trimmed": true,
	"spriteSourceSize": {"x":9,"y":0,"w":186,"h":88},
	"sourceSize": {"w":300,"h":100}
},
{
	"filename": "bedbuglogo_00086.png",
	"frame": {"x":380,"y":1372,"w":186,"h":88},
	"rotated": false,
	"trimmed": true,
	"spriteSourceSize": {"x":9,"y":0,"w":186,"h":88},
	"sourceSize": {"w":300,"h":100}
},
{
	"filename": "bedbuglogo_00087.png",
	"frame": {"x":190,"y":1373,"w":186,"h":88},
	"rotated": false,
	"trimmed": true,
	"spriteSourceSize": {"x":9,"y":0,"w":186,"h":88},
	"sourceSize": {"w":300,"h":100}
},
{
	"filename": "bedbuglogo_00088.png",
	"frame": {"x":1,"y":1374,"w":186,"h":88},
	"rotated": false,
	"trimmed": true,
	"spriteSourceSize": {"x":9,"y":0,"w":186,"h":88},
	"sourceSize": {"w":300,"h":100}
},
{
	"filename": "bedbuglogo_00089.png",
	"frame": {"x":758,"y":1351,"w":186,"h":88},
	"rotated": false,
	"trimmed": true,
	"spriteSourceSize": {"x":9,"y":0,"w":186,"h":88},
	"sourceSize": {"w":300,"h":100}
},
{
	"filename": "bedbuglogo_00090.png",
	"frame": {"x":568,"y":1441,"w":186,"h":88},
	"rotated": false,
	"trimmed": true,
	"spriteSourceSize": {"x":9,"y":0,"w":186,"h":88},
	"sourceSize": {"w":300,"h":100}
},
{
	"filename": "bedbuglogo_00091.png",
	"frame": {"x":836,"y":451,"w":187,"h":88},
	"rotated": false,
	"trimmed": true,
	"spriteSourceSize": {"x":8,"y":0,"w":187,"h":88},
	"sourceSize": {"w":300,"h":100}
},
{
	"filename": "bedbuglogo_00092.png",
	"frame": {"x":381,"y":1282,"w":187,"h":88},
	"rotated": false,
	"trimmed": true,
	"spriteSourceSize": {"x":8,"y":0,"w":187,"h":88},
	"sourceSize": {"w":300,"h":100}
},
{
	"filename": "bedbuglogo_00093.png",
	"frame": {"x":191,"y":1283,"w":187,"h":88},
	"rotated": false,
	"trimmed": true,
	"spriteSourceSize": {"x":8,"y":0,"w":187,"h":88},
	"sourceSize": {"w":300,"h":100}
},
{
	"filename": "bedbuglogo_00094.png",
	"frame": {"x":1,"y":1284,"w":187,"h":88},
	"rotated": false,
	"trimmed": true,
	"spriteSourceSize": {"x":8,"y":0,"w":187,"h":88},
	"sourceSize": {"w":300,"h":100}
},
{
	"filename": "bedbuglogo_00095.png",
	"frame": {"x":466,"y":1102,"w":188,"h":88},
	"rotated": false,
	"trimmed": true,
	"spriteSourceSize": {"x":7,"y":0,"w":188,"h":88},
	"sourceSize": {"w":300,"h":100}
},
{
	"filename": "bedbuglogo_00096.png",
	"frame": {"x":192,"y":1103,"w":188,"h":88},
	"rotated": false,
	"trimmed": true,
	"spriteSourceSize": {"x":7,"y":0,"w":188,"h":88},
	"sourceSize": {"w":300,"h":100}
},
{
	"filename": "bedbuglogo_00097.png",
	"frame": {"x":1,"y":1104,"w":188,"h":88},
	"rotated": false,
	"trimmed": true,
	"spriteSourceSize": {"x":7,"y":0,"w":188,"h":88},
	"sourceSize": {"w":300,"h":100}
},
{
	"filename": "bedbuglogo_00098.png",
	"frame": {"x":656,"y":1171,"w":188,"h":88},
	"rotated": false,
	"trimmed": true,
	"spriteSourceSize": {"x":7,"y":0,"w":188,"h":88},
	"sourceSize": {"w":300,"h":100}
},
{
	"filename": "bedbuglogo_00099.png",
	"frame": {"x":382,"y":1192,"w":188,"h":88},
	"rotated": false,
	"trimmed": true,
	"spriteSourceSize": {"x":7,"y":0,"w":188,"h":88},
	"sourceSize": {"w":300,"h":100}
},
{
	"filename": "bedbuglogo_00100.png",
	"frame": {"x":191,"y":1193,"w":188,"h":88},
	"rotated": false,
	"trimmed": true,
	"spriteSourceSize": {"x":7,"y":0,"w":188,"h":88},
	"sourceSize": {"w":300,"h":100}
},
{
	"filename": "bedbuglogo_00101.png",
	"frame": {"x":1,"y":1194,"w":188,"h":88},
	"rotated": false,
	"trimmed": true,
	"spriteSourceSize": {"x":7,"y":0,"w":188,"h":88},
	"sourceSize": {"w":300,"h":100}
},
{
	"filename": "bedbuglogo_00102.png",
	"frame": {"x":572,"y":1261,"w":188,"h":88},
	"rotated": false,
	"trimmed": true,
	"spriteSourceSize": {"x":7,"y":0,"w":188,"h":88},
	"sourceSize": {"w":300,"h":100}
},
{
	"filename": "bedbuglogo_00103.png",
	"frame": {"x":834,"y":541,"w":189,"h":88},
	"rotated": false,
	"trimmed": true,
	"spriteSourceSize": {"x":6,"y":0,"w":189,"h":88},
	"sourceSize": {"w":300,"h":100}
},
{
	"filename": "bedbuglogo_00104.png",
	"frame": {"x":275,"y":1013,"w":189,"h":88},
	"rotated": false,
	"trimmed": true,
	"spriteSourceSize": {"x":6,"y":0,"w":189,"h":88},
	"sourceSize": {"w":300,"h":100}
},
{
	"filename": "bedbuglogo_00105.png",
	"frame": {"x":1,"y":1014,"w":189,"h":88},
	"rotated": false,
	"trimmed": true,
	"spriteSourceSize": {"x":6,"y":0,"w":189,"h":88},
	"sourceSize": {"w":300,"h":100}
},
{
	"filename": "bedbuglogo_00106.png",
	"frame": {"x":743,"y":1081,"w":189,"h":88},
	"rotated": false,
	"trimmed": true,
	"spriteSourceSize": {"x":6,"y":0,"w":189,"h":88},
	"sourceSize": {"w":300,"h":100}
},
{
	"filename": "bedbuglogo_00107.png",
	"frame": {"x":833,"y":631,"w":190,"h":88},
	"rotated": false,
	"trimmed": true,
	"spriteSourceSize": {"x":5,"y":0,"w":190,"h":88},
	"sourceSize": {"w":300,"h":100}
},
{
	"filename": "bedbuglogo_00108.png",
	"frame": {"x":830,"y":721,"w":190,"h":88},
	"rotated": false,
	"trimmed": true,
	"spriteSourceSize": {"x":5,"y":0,"w":190,"h":88},
	"sourceSize": {"w":300,"h":100}
},
{
	"filename": "bedbuglogo_00109.png",
	"frame": {"x":830,"y":811,"w":190,"h":88},
	"rotated": false,
	"trimmed": true,
	"spriteSourceSize": {"x":5,"y":0,"w":190,"h":88},
	"sourceSize": {"w":300,"h":100}
},
{
	"filename": "bedbuglogo_00110.png",
	"frame": {"x":830,"y":901,"w":190,"h":88},
	"rotated": false,
	"trimmed": true,
	"spriteSourceSize": {"x":5,"y":0,"w":190,"h":88},
	"sourceSize": {"w":300,"h":100}
},
{
	"filename": "bedbuglogo_00111.png",
	"frame": {"x":828,"y":991,"w":190,"h":88},
	"rotated": false,
	"trimmed": true,
	"spriteSourceSize": {"x":5,"y":0,"w":190,"h":88},
	"sourceSize": {"w":300,"h":100}
},
{
	"filename": "bedbuglogo_00112.png",
	"frame": {"x":551,"y":1012,"w":190,"h":88},
	"rotated": false,
	"trimmed": true,
	"spriteSourceSize": {"x":5,"y":0,"w":190,"h":88},
	"sourceSize": {"w":300,"h":100}
},
{
	"filename": "bedbuglogo_00113.png",
	"frame": {"x":1,"y":915,"w":272,"h":97},
	"rotated": false,
	"trimmed": true,
	"spriteSourceSize": {"x":5,"y":0,"w":272,"h":97},
	"sourceSize": {"w":300,"h":100}
},
{
	"filename": "bedbuglogo_00114.png",
	"frame": {"x":553,"y":913,"w":273,"h":97},
	"rotated": false,
	"trimmed": true,
	"spriteSourceSize": {"x":5,"y":0,"w":273,"h":97},
	"sourceSize": {"w":300,"h":100}
},
{
	"filename": "bedbuglogo_00115.png",
	"frame": {"x":276,"y":914,"w":273,"h":97},
	"rotated": false,
	"trimmed": true,
	"spriteSourceSize": {"x":5,"y":0,"w":273,"h":97},
	"sourceSize": {"w":300,"h":100}
},
{
	"filename": "bedbuglogo_00116.png",
	"frame": {"x":1,"y":815,"w":273,"h":98},
	"rotated": false,
	"trimmed": true,
	"spriteSourceSize": {"x":5,"y":0,"w":273,"h":98},
	"sourceSize": {"w":300,"h":100}
},
{
	"filename": "bedbuglogo_00117.png",
	"frame": {"x":554,"y":713,"w":274,"h":98},
	"rotated": false,
	"trimmed": true,
	"spriteSourceSize": {"x":5,"y":0,"w":274,"h":98},
	"sourceSize": {"w":300,"h":100}
},
{
	"filename": "bedbuglogo_00118.png",
	"frame": {"x":554,"y":813,"w":274,"h":98},
	"rotated": false,
	"trimmed": true,
	"spriteSourceSize": {"x":5,"y":0,"w":274,"h":98},
	"sourceSize": {"w":300,"h":100}
},
{
	"filename": "bedbuglogo_00119.png",
	"frame": {"x":277,"y":814,"w":274,"h":98},
	"rotated": false,
	"trimmed": true,
	"spriteSourceSize": {"x":5,"y":0,"w":274,"h":98},
	"sourceSize": {"w":300,"h":100}
},
{
	"filename": "bedbuglogo_00120.png",
	"frame": {"x":278,"y":713,"w":274,"h":99},
	"rotated": false,
	"trimmed": true,
	"spriteSourceSize": {"x":5,"y":0,"w":274,"h":99},
	"sourceSize": {"w":300,"h":100}
},
{
	"filename": "bedbuglogo_00121.png",
	"frame": {"x":1,"y":714,"w":274,"h":99},
	"rotated": false,
	"trimmed": true,
	"spriteSourceSize": {"x":5,"y":0,"w":274,"h":99},
	"sourceSize": {"w":300,"h":100}
},
{
	"filename": "bedbuglogo_00122.png",
	"frame": {"x":557,"y":511,"w":275,"h":99},
	"rotated": false,
	"trimmed": true,
	"spriteSourceSize": {"x":5,"y":0,"w":275,"h":99},
	"sourceSize": {"w":300,"h":100}
},
{
	"filename": "bedbuglogo_00123.png",
	"frame": {"x":279,"y":612,"w":275,"h":99},
	"rotated": false,
	"trimmed": true,
	"spriteSourceSize": {"x":5,"y":0,"w":275,"h":99},
	"sourceSize": {"w":300,"h":100}
},
{
	"filename": "bedbuglogo_00124.png",
	"frame": {"x":1,"y":613,"w":275,"h":99},
	"rotated": false,
	"trimmed": true,
	"spriteSourceSize": {"x":5,"y":0,"w":275,"h":99},
	"sourceSize": {"w":300,"h":100}
},
{
	"filename": "bedbuglogo_00125.png",
	"frame": {"x":556,"y":612,"w":275,"h":99},
	"rotated": false,
	"trimmed": true,
	"spriteSourceSize": {"x":5,"y":0,"w":275,"h":99},
	"sourceSize": {"w":300,"h":100}
},
{
	"filename": "bedbuglogo_00126.png",
	"frame": {"x":279,"y":511,"w":276,"h":99},
	"rotated": false,
	"trimmed": true,
	"spriteSourceSize": {"x":5,"y":0,"w":276,"h":99},
	"sourceSize": {"w":300,"h":100}
},
{
	"filename": "bedbuglogo_00127.png",
	"frame": {"x":280,"y":409,"w":276,"h":100},
	"rotated": false,
	"trimmed": true,
	"spriteSourceSize": {"x":5,"y":0,"w":276,"h":100},
	"sourceSize": {"w":300,"h":100}
},
{
	"filename": "bedbuglogo_00128.png",
	"frame": {"x":558,"y":409,"w":276,"h":100},
	"rotated": false,
	"trimmed": true,
	"spriteSourceSize": {"x":5,"y":0,"w":276,"h":100},
	"sourceSize": {"w":300,"h":100}
},
{
	"filename": "bedbuglogo_00129.png",
	"frame": {"x":1,"y":511,"w":276,"h":100},
	"rotated": false,
	"trimmed": true,
	"spriteSourceSize": {"x":5,"y":0,"w":276,"h":100},
	"sourceSize": {"w":300,"h":100}
},
{
	"filename": "bedbuglogo_00130.png",
	"frame": {"x":297,"y":307,"w":277,"h":100},
	"rotated": false,
	"trimmed": true,
	"spriteSourceSize": {"x":5,"y":0,"w":277,"h":100},
	"sourceSize": {"w":300,"h":100}
},
{
	"filename": "bedbuglogo_00131.png",
	"frame": {"x":576,"y":307,"w":277,"h":100},
	"rotated": false,
	"trimmed": true,
	"spriteSourceSize": {"x":5,"y":0,"w":277,"h":100},
	"sourceSize": {"w":300,"h":100}
},
{
	"filename": "bedbuglogo_00132.png",
	"frame": {"x":1,"y":409,"w":277,"h":100},
	"rotated": false,
	"trimmed": true,
	"spriteSourceSize": {"x":5,"y":0,"w":277,"h":100},
	"sourceSize": {"w":300,"h":100}
},
{
	"filename": "bedbuglogo_00133.png",
	"frame": {"x":1,"y":409,"w":277,"h":100},
	"rotated": false,
	"trimmed": true,
	"spriteSourceSize": {"x":5,"y":0,"w":277,"h":100},
	"sourceSize": {"w":300,"h":100}
},
{
	"filename": "bedbuglogo_00134.png",
	"frame": {"x":1,"y":409,"w":277,"h":100},
	"rotated": false,
	"trimmed": true,
	"spriteSourceSize": {"x":5,"y":0,"w":277,"h":100},
	"sourceSize": {"w":300,"h":100}
},
{
	"filename": "bedbuglogo_00135.png",
	"frame": {"x":1,"y":409,"w":277,"h":100},
	"rotated": false,
	"trimmed": true,
	"spriteSourceSize": {"x":5,"y":0,"w":277,"h":100},
	"sourceSize": {"w":300,"h":100}
},
{
	"filename": "bedbuglogo_00136.png",
	"frame": {"x":1,"y":409,"w":277,"h":100},
	"rotated": false,
	"trimmed": true,
	"spriteSourceSize": {"x":5,"y":0,"w":277,"h":100},
	"sourceSize": {"w":300,"h":100}
},
{
	"filename": "bedbuglogo_00137.png",
	"frame": {"x":1,"y":409,"w":277,"h":100},
	"rotated": false,
	"trimmed": true,
	"spriteSourceSize": {"x":5,"y":0,"w":277,"h":100},
	"sourceSize": {"w":300,"h":100}
},
{
	"filename": "bedbuglogo_00138.png",
	"frame": {"x":1,"y":409,"w":277,"h":100},
	"rotated": false,
	"trimmed": true,
	"spriteSourceSize": {"x":5,"y":0,"w":277,"h":100},
	"sourceSize": {"w":300,"h":100}
},
{
	"filename": "bedbuglogo_00139.png",
	"frame": {"x":1,"y":409,"w":277,"h":100},
	"rotated": false,
	"trimmed": true,
	"spriteSourceSize": {"x":5,"y":0,"w":277,"h":100},
	"sourceSize": {"w":300,"h":100}
},
{
	"filename": "bedbuglogo_00140.png",
	"frame": {"x":1,"y":409,"w":277,"h":100},
	"rotated": false,
	"trimmed": true,
	"spriteSourceSize": {"x":5,"y":0,"w":277,"h":100},
	"sourceSize": {"w":300,"h":100}
},
{
	"filename": "bedbuglogo_00141.png",
	"frame": {"x":1,"y":409,"w":277,"h":100},
	"rotated": false,
	"trimmed": true,
	"spriteSourceSize": {"x":5,"y":0,"w":277,"h":100},
	"sourceSize": {"w":300,"h":100}
},
{
	"filename": "bedbuglogo_00142.png",
	"frame": {"x":1,"y":409,"w":277,"h":100},
	"rotated": false,
	"trimmed": true,
	"spriteSourceSize": {"x":5,"y":0,"w":277,"h":100},
	"sourceSize": {"w":300,"h":100}
},
{
	"filename": "bedbuglogo_00143.png",
	"frame": {"x":1,"y":409,"w":277,"h":100},
	"rotated": false,
	"trimmed": true,
	"spriteSourceSize": {"x":5,"y":0,"w":277,"h":100},
	"sourceSize": {"w":300,"h":100}
},
{
	"filename": "bedbuglogo_00144.png",
	"frame": {"x":1,"y":1,"w":295,"h":100},
	"rotated": false,
	"trimmed": true,
	"spriteSourceSize": {"x":5,"y":0,"w":295,"h":100},
	"sourceSize": {"w":300,"h":100}
},
{
	"filename": "bedbuglogo_00145.png",
	"frame": {"x":298,"y":1,"w":295,"h":100},
	"rotated": false,
	"trimmed": true,
	"spriteSourceSize": {"x":5,"y":0,"w":295,"h":100},
	"sourceSize": {"w":300,"h":100}
},
{
	"filename": "bedbuglogo_00146.png",
	"frame": {"x":595,"y":1,"w":295,"h":100},
	"rotated": false,
	"trimmed": true,
	"spriteSourceSize": {"x":5,"y":0,"w":295,"h":100},
	"sourceSize": {"w":300,"h":100}
},
{
	"filename": "bedbuglogo_00147.png",
	"frame": {"x":1,"y":103,"w":295,"h":100},
	"rotated": false,
	"trimmed": true,
	"spriteSourceSize": {"x":5,"y":0,"w":295,"h":100},
	"sourceSize": {"w":300,"h":100}
},
{
	"filename": "bedbuglogo_00148.png",
	"frame": {"x":298,"y":103,"w":295,"h":100},
	"rotated": false,
	"trimmed": true,
	"spriteSourceSize": {"x":5,"y":0,"w":295,"h":100},
	"sourceSize": {"w":300,"h":100}
},
{
	"filename": "bedbuglogo_00149.png",
	"frame": {"x":595,"y":205,"w":294,"h":100},
	"rotated": false,
	"trimmed": true,
	"spriteSourceSize": {"x":5,"y":0,"w":294,"h":100},
	"sourceSize": {"w":300,"h":100}
},
{
	"filename": "bedbuglogo_00150.png",
	"frame": {"x":1,"y":307,"w":294,"h":100},
	"rotated": false,
	"trimmed": true,
	"spriteSourceSize": {"x":5,"y":0,"w":294,"h":100},
	"sourceSize": {"w":300,"h":100}
},
{
	"filename": "bedbuglogo_00151.png",
	"frame": {"x":595,"y":103,"w":295,"h":100},
	"rotated": false,
	"trimmed": true,
	"spriteSourceSize": {"x":5,"y":0,"w":295,"h":100},
	"sourceSize": {"w":300,"h":100}
},
{
	"filename": "bedbuglogo_00152.png",
	"frame": {"x":1,"y":205,"w":295,"h":100},
	"rotated": false,
	"trimmed": true,
	"spriteSourceSize": {"x":5,"y":0,"w":295,"h":100},
	"sourceSize": {"w":300,"h":100}
},
{
	"filename": "bedbuglogo_00153.png",
	"frame": {"x":298,"y":205,"w":295,"h":100},
	"rotated": false,
	"trimmed": true,
	"spriteSourceSize": {"x":5,"y":0,"w":295,"h":100},
	"sourceSize": {"w":300,"h":100}
}],
"meta": {
	"app": "http://www.codeandweb.com/texturepacker",
	"version": "1.0",
	"image": "bedbugLogo.png",
	"format": "RGBA8888",
	"size": {"w":1024,"h":2048},
	"scale": "0.667",
	"smartupdate": "$TexturePacker:SmartUpdate:98c31c06ff2e2c192a909299878a85cf:c26d39a44c6b35794986edb0d9c6e6b8:dfa5dc28ad5eea35670c814525d2ce5d$"
}
}
