      {
          "info1": "All these properties are for testing only and will be deprecated in future releases.",
          "states": ["REAL_MONEY", "DEMO_PLAY", "SANDBOX", "TEST_MODE"],
          "selected_game_state": 2,
          "default_language": "en-GB",
          "change_weather_special_count": 2,
          "fun_game_settings": {
              "fun_label_interval": 10000,
              "fun_label_duration": 2500,
              "user_starting_balance": 5000
          },
          "currency_symbol": "€",
          "game_rules_url": "www.google.com",
          "lobby_url": "www.google.com",
          "info2": "Server setting here are the default values. On GET_SETTINGS response this values are overridden",
          "server_settings": 
         {"Header":{"APIVersionID":"1","RequestID":"6374621290771203046bca66a080e2b6","ResponseID":"F9F21B32-9DCA-41D5-B4BF-7103A57AF108","ResponseCode":"200","ResponseMessage":"OK","GameID":"05F3E453-25CC-4692-BADC-6F9F439A3ED0","GameLocaleID":"en-GB","OperatorID":"00000000-0000-0000-0000-000000000001","UserToken":"1","AuthToken":"AC4D47E8-329B-4806-9406-4D8F6677F413","GameMode":"1","CData":{"Balance":"{{yz{y"}},"Device":{"DeviceClass":"Windows","DeviceModel":"intel corei7","DeviceSDKVersion":"10","DeviceMobileBrowserName":"Chrome","DeviceScreenWidth":"3440","DeviceScreenHeight":"1440","DevicePixelRatio":"1","CData":null},"Player":{"Alias":"-","CurrentBalance":"100000","CurrentBalance2":"0","CurrentBalance3":"0","CurrentBalance4":"0","CurrentBalance5":"0","CData":null},"Game":{"Configuration":{"OperatorGameID":"05F3E453-25CC-4692-BADC-6F9F439A3ED0","OperatorGameName":"Deluxe 243","OperatorGameDescription":"Slot Game","GameID":"00000000-0000-0000-0000-000000000038","GameName":"Classic 243","GameDescription":"Slot Game","Version":"","GameTypeID":"1","GameTypeName":"Slot","GameTypeDescription":"Slot Type   ","GameMode":"1","ResumeState":"0","ResumeTicketID":null,"LocalizedCurrencySymbol":"$","CurrencySymbolPosition":"0","LocalizedDecimalSeparator":".","LocalizedThousandsSeparator":",","LocalizedDecimalDigitsCount":"2","DefaultLocale":"en-GB","CData":null},"Symbols":[{"SymbolID":"DECFC972-F644-41A3-9D86-049E9D9F903A","SymbolName":"L1","SymbolType":"0","SymbolURL":"","SymbolMultiplier":"1","SymbolHintURL":"","CData":null},{"SymbolID":"8FB76679-F8A0-492D-88A6-638F1C81B90F","SymbolName":"L2","SymbolType":"0","SymbolURL":"","SymbolMultiplier":"1","SymbolHintURL":"","CData":null},{"SymbolID":"E7AF5113-719E-4FA7-B9BF-7538CCD32B84","SymbolName":"L3","SymbolType":"0","SymbolURL":"","SymbolMultiplier":"1","SymbolHintURL":"","CData":null},{"SymbolID":"D7F0B05A-ACE1-42BA-81DF-FD843BE90C85","SymbolName":"L4","SymbolType":"0","SymbolURL":"","SymbolMultiplier":"1","SymbolHintURL":"","CData":null},{"SymbolID":"1DBD0539-85BF-430B-AC93-134BD78CF974","SymbolName":"P1","SymbolType":"0","SymbolURL":"","SymbolMultiplier":"1","SymbolHintURL":"","CData":null},{"SymbolID":"6E090061-AD96-4E54-A25E-B2F8191996B4","SymbolName":"P2","SymbolType":"0","SymbolURL":"","SymbolMultiplier":"1","SymbolHintURL":"","CData":null},{"SymbolID":"8CC1BFDD-F99A-4B63-A17C-3DA5073B2347","SymbolName":"P3","SymbolType":"0","SymbolURL":"","SymbolMultiplier":"1","SymbolHintURL":"","CData":null},{"SymbolID":"DAEDAB0B-8E5D-4DB4-A1C2-0390A5D6060E","SymbolName":"P4","SymbolType":"0","SymbolURL":"","SymbolMultiplier":"1","SymbolHintURL":"","CData":null}],"Reels":[{"ReelID":"DC791A72-D887-4FBB-BD1A-58E238BAA430","ReelName":"reel_0","ReelIndex":"0"},{"ReelID":"FF481C46-BE98-4BEB-9B92-8077CBFCE95F","ReelName":"reel_1","ReelIndex":"1"},{"ReelID":"B372B432-88DA-474F-9E77-794913097EC6","ReelName":"reel_2","ReelIndex":"2"},{"ReelID":"6ED25822-0162-44CD-8605-6FF5FF390CE6","ReelName":"reel_3","ReelIndex":"3"},{"ReelID":"2A0F86CB-B365-4D37-8BD4-0021937CEF52","ReelName":"reel_4","ReelIndex":"4"}],"WinLines":[],"WagerSettings":{"CoinValues":["1","2","5","10","25","50"],"BetLevels":["1","2","3","4","5","6","7","8"],"BetLines":["1"]},"Settings":[{"SettingName":"WinLevel","SettingType":"0","SettingKey":"4","SettingValue":"50","CData":null},{"SettingName":"RulesURL","SettingType":"2","SettingKey":"RulesURL","SettingValue":"","CData":null},{"SettingName":"ResponsibleGaming","SettingType":"3","SettingKey":"ResponsibleGaming","SettingValue":"0","CData":null},{"SettingName":"WinLevel","SettingType":"0","SettingKey":"5","SettingValue":"-1","CData":null},{"SettingName":"NumberOfReels","SettingType":"0","SettingKey":"NumberOfReels","SettingValue":"5","CData":null},{"SettingName":"LobbyURL","SettingType":"2","SettingKey":"LobbyURL","SettingValue":"","CData":null},{"SettingName":"LocalizedCurrencySymbol","SettingType":"2","SettingKey":"LocalizedCurrencySymbol","SettingValue":"$","CData":null},{"SettingName":"WinLevel","SettingType":"0","SettingKey":"3","SettingValue":"25","CData":null},{"SettingName":"BoardSize","SettingType":"0","SettingKey":"BoardSize","SettingValue":"15","CData":null},{"SettingName":"MobileRulesURL","SettingType":"2","SettingKey":"MobileRulesURL","SettingValue":"","CData":null},{"SettingName":"LocalizedDecimalDigitsCount","SettingType":"0","SettingKey":"LocalizedDecimalDigitsCount","SettingValue":"2","CData":null},{"SettingName":"PosterImageHash","SettingType":"2","SettingKey":"PosterImageHash","SettingValue":"","CData":null},{"SettingName":"ThumbnailHash","SettingType":"2","SettingKey":"ThumbnailHash","SettingValue":"","CData":null},{"SettingName":"CurrencySymbolPosition","SettingType":"0","SettingKey":"CurrencySymbolPosition","SettingValue":"0","CData":null},{"SettingName":"LocalizedThousandsSeparator","SettingType":"2","SettingKey":"LocalizedThousandsSeparator","SettingValue":",","CData":null},{"SettingName":"HistoryURL","SettingType":"2","SettingKey":"HistoryURL","SettingValue":"","CData":null},{"SettingName":"MaxAutoPlayRounds","SettingType":"0","SettingKey":"MaxAutoPlayRounds","SettingValue":"999","CData":null},{"SettingName":"WinLevel","SettingType":"0","SettingKey":"1","SettingValue":"1","CData":null},{"SettingName":"MinBetInterval","SettingType":"0","SettingKey":"MinBetInterval","SettingValue":"0","CData":null},{"SettingName":"DefaultLocale","SettingType":"2","SettingKey":"DefaultLocale","SettingValue":"en-GB","CData":null},{"SettingName":"ShowRoundID","SettingType":"3","SettingKey":"ShowRoundID","SettingValue":"0","CData":null},{"SettingName":"ShowTicketID","SettingType":"3","SettingKey":"ShowTicketID","SettingValue":"0","CData":null},{"SettingName":"PosterImageURL","SettingType":"2","SettingKey":"PosterImageURL","SettingValue":"","CData":null},{"SettingName":"HelpURL","SettingType":"2","SettingKey":"HelpURL","SettingValue":"./help/index.html","CData":null},{"SettingName":"LocalizedDecimalSeparator","SettingType":"2","SettingKey":"LocalizedDecimalSeparator","SettingValue":".","CData":null},{"SettingName":"ReelsWindowHeight","SettingType":"0","SettingKey":"ReelsWindowHeight","SettingValue":"3","CData":null},{"SettingName":"WinLevel","SettingType":"0","SettingKey":"2","SettingValue":"10","CData":null},{"SettingName":"RechargeCreditURL","SettingType":"2","SettingKey":"RechargeCreditURL","SettingValue":"","CData":null}],"PayTables":[{"PayTableID":"5AAC8A6E-3731-4F5C-A2DF-9DE45C8C4FE7","BetAmount":"50","BetMultiplier":"0","OverallOdds":"0","OverallPayout":"0","MinWager":"0","MaxWager":"0","Prizes":[{"PrizeID":"A00381F5-90E3-41A0-A74D-C581ABFF00E3","Wager":"1","WinAmount":"5000","WinLabel":"","PrizeLabel":"P4 x 5","PrizeOdds":"0","PrizePayout":"0","PrizeLines":[{"PrizeLineID":"1FACE34F-6BC8-4549-BE3A-CDF68DB4DE67","WinAmount":"5000","Label":"P4 x 5","RequiredQty":"5","SymbolID":"DAEDAB0B-8E5D-4DB4-A1C2-0390A5D6060E","PrizeCode":"P4","CData":null}],"CData":null},{"PrizeID":"704F64D1-DC10-4B36-AA1A-9FFAF7E49008","Wager":"1","WinAmount":"3000","WinLabel":"","PrizeLabel":"P3 x 5","PrizeOdds":"0","PrizePayout":"0","PrizeLines":[{"PrizeLineID":"950A9516-898F-4102-9D8B-E54B438C5EE7","WinAmount":"3000","Label":"P3 x 5","RequiredQty":"5","SymbolID":"8CC1BFDD-F99A-4B63-A17C-3DA5073B2347","PrizeCode":"P3","CData":null}],"CData":null},{"PrizeID":"AE015FAC-CB95-4668-BED8-0BCF866898AC","Wager":"1","WinAmount":"1000","WinLabel":"","PrizeLabel":"P2 x 5","PrizeOdds":"0","PrizePayout":"0","PrizeLines":[{"PrizeLineID":"4E1AB4A9-9563-4AFE-B906-EE38453B7136","WinAmount":"1000","Label":"P2 x 5","RequiredQty":"5","SymbolID":"6E090061-AD96-4E54-A25E-B2F8191996B4","PrizeCode":"P2","CData":null}],"CData":null},{"PrizeID":"7B767C8A-9B43-4D41-BBE4-3728A2435BC1","Wager":"1","WinAmount":"500","WinLabel":"","PrizeLabel":"P4 x 4","PrizeOdds":"0","PrizePayout":"0","PrizeLines":[{"PrizeLineID":"C4E47B78-E471-4989-817D-3D99EF10FEFB","WinAmount":"500","Label":"P4 x 4","RequiredQty":"4","SymbolID":"DAEDAB0B-8E5D-4DB4-A1C2-0390A5D6060E","PrizeCode":"P4","CData":null}],"CData":null},{"PrizeID":"4C118F71-744F-4672-8275-9D62377929E4","Wager":"1","WinAmount":"300","WinLabel":"","PrizeLabel":"P3 x 4","PrizeOdds":"0","PrizePayout":"0","PrizeLines":[{"PrizeLineID":"6184AECC-AB12-4AC5-882A-1FF7EC772D76","WinAmount":"300","Label":"P3 x 4","RequiredQty":"4","SymbolID":"8CC1BFDD-F99A-4B63-A17C-3DA5073B2347","PrizeCode":"P3","CData":null}],"CData":null},{"PrizeID":"C1A8BE14-C29F-4052-8F7C-67B79F90A356","Wager":"1","WinAmount":"200","WinLabel":"","PrizeLabel":"P1 x 5","PrizeOdds":"0","PrizePayout":"0","PrizeLines":[{"PrizeLineID":"2D729486-29F1-4B22-ADC7-F5332BA4D8A2","WinAmount":"200","Label":"P1 x 5","RequiredQty":"5","SymbolID":"1DBD0539-85BF-430B-AC93-134BD78CF974","PrizeCode":"P1","CData":null}],"CData":null},{"PrizeID":"AD893FF7-A9E4-4115-B4B8-DC494815BBBF","Wager":"1","WinAmount":"150","WinLabel":"","PrizeLabel":"L4 x 5","PrizeOdds":"0","PrizePayout":"0","PrizeLines":[{"PrizeLineID":"FD050657-9457-4FEA-8E3C-9D985CF4D79B","WinAmount":"150","Label":"L4 x 5","RequiredQty":"5","SymbolID":"D7F0B05A-ACE1-42BA-81DF-FD843BE90C85","PrizeCode":"L4","CData":null}],"CData":null},{"PrizeID":"0E076B0E-7117-4446-A68A-C70A6E549829","Wager":"1","WinAmount":"120","WinLabel":"","PrizeLabel":"L3 x 5","PrizeOdds":"0","PrizePayout":"0","PrizeLines":[{"PrizeLineID":"E994892E-B64F-4ACF-B851-C4DA525CC8E0","WinAmount":"120","Label":"L3 x 5","RequiredQty":"5","SymbolID":"E7AF5113-719E-4FA7-B9BF-7538CCD32B84","PrizeCode":"L3","CData":null}],"CData":null},{"PrizeID":"4C714FD3-D406-40F5-B353-4F4E8E1B7C51","Wager":"1","WinAmount":"100","WinLabel":"","PrizeLabel":"L2 x 5","PrizeOdds":"0","PrizePayout":"0","PrizeLines":[{"PrizeLineID":"160C7C73-71C7-4AC2-9E89-B51F554CA73C","WinAmount":"100","Label":"L2 x 5","RequiredQty":"5","SymbolID":"8FB76679-F8A0-492D-88A6-638F1C81B90F","PrizeCode":"L2","CData":null}],"CData":null},{"PrizeID":"5690EA35-37AF-48F0-ADA1-9B0C6F011E61","Wager":"1","WinAmount":"100","WinLabel":"","PrizeLabel":"P2 x 4","PrizeOdds":"0","PrizePayout":"0","PrizeLines":[{"PrizeLineID":"EA2916D7-03C6-41F7-85CF-0ED7C9CCB266","WinAmount":"100","Label":"P2 x 4","RequiredQty":"4","SymbolID":"6E090061-AD96-4E54-A25E-B2F8191996B4","PrizeCode":"P2","CData":null}],"CData":null},{"PrizeID":"8917178E-F8B6-41BD-90A1-2052CDF579EE","Wager":"1","WinAmount":"100","WinLabel":"","PrizeLabel":"P4 x 3","PrizeOdds":"0","PrizePayout":"0","PrizeLines":[{"PrizeLineID":"82F930B6-1D40-4410-A8FF-896E7A3A80C1","WinAmount":"100","Label":"P4 x 3","RequiredQty":"3","SymbolID":"DAEDAB0B-8E5D-4DB4-A1C2-0390A5D6060E","PrizeCode":"P4","CData":null}],"CData":null},{"PrizeID":"E995D5A5-2BAD-4E58-9F4A-8DA75CD99822","Wager":"1","WinAmount":"80","WinLabel":"","PrizeLabel":"L1 x 5","PrizeOdds":"0","PrizePayout":"0","PrizeLines":[{"PrizeLineID":"F4A10B35-712E-4338-A3D7-AE4FBFC20018","WinAmount":"80","Label":"L1 x 5","RequiredQty":"5","SymbolID":"DECFC972-F644-41A3-9D86-049E9D9F903A","PrizeCode":"L1","CData":null}],"CData":null},{"PrizeID":"2A6459F1-756F-40D8-998B-E9CADD03F5B4","Wager":"1","WinAmount":"80","WinLabel":"","PrizeLabel":"P1 x 4","PrizeOdds":"0","PrizePayout":"0","PrizeLines":[{"PrizeLineID":"A42C7500-22BB-4C20-84CE-3C744DB33A0E","WinAmount":"80","Label":"P1 x 4","RequiredQty":"4","SymbolID":"1DBD0539-85BF-430B-AC93-134BD78CF974","PrizeCode":"P1","CData":null}],"CData":null},{"PrizeID":"E722223A-F9C5-40C8-83C5-E7DA45AF4D61","Wager":"1","WinAmount":"80","WinLabel":"","PrizeLabel":"P3 x 3","PrizeOdds":"0","PrizePayout":"0","PrizeLines":[{"PrizeLineID":"825954D7-8940-42C7-AF99-0A593AC65CBF","WinAmount":"80","Label":"P3 x 3","RequiredQty":"3","SymbolID":"8CC1BFDD-F99A-4B63-A17C-3DA5073B2347","PrizeCode":"P3","CData":null}],"CData":null},{"PrizeID":"D85CEF41-3B68-4184-9267-898928A4DC0C","Wager":"1","WinAmount":"50","WinLabel":"","PrizeLabel":"P2 x 3","PrizeOdds":"0","PrizePayout":"0","PrizeLines":[{"PrizeLineID":"72A6EAA9-B2C4-49AC-9417-4BCE32F96B18","WinAmount":"50","Label":"P2 x 3","RequiredQty":"3","SymbolID":"6E090061-AD96-4E54-A25E-B2F8191996B4","PrizeCode":"P2","CData":null}],"CData":null},{"PrizeID":"B382D716-F65E-4832-AC12-0EC4D1516214","Wager":"1","WinAmount":"50","WinLabel":"","PrizeLabel":"L4 x 4","PrizeOdds":"0","PrizePayout":"0","PrizeLines":[{"PrizeLineID":"2DE40F3C-936E-4387-8981-920386B343B1","WinAmount":"50","Label":"L4 x 4","RequiredQty":"4","SymbolID":"D7F0B05A-ACE1-42BA-81DF-FD843BE90C85","PrizeCode":"L4","CData":null}],"CData":null},{"PrizeID":"F14FE8E4-DFCF-47A1-A232-82D94A04D57A","Wager":"1","WinAmount":"45","WinLabel":"","PrizeLabel":"L3 x 4","PrizeOdds":"0","PrizePayout":"0","PrizeLines":[{"PrizeLineID":"68A01E8A-76FC-4E00-AA0D-F380D16E2B60","WinAmount":"45","Label":"L3 x 4","RequiredQty":"4","SymbolID":"E7AF5113-719E-4FA7-B9BF-7538CCD32B84","PrizeCode":"L3","CData":null}],"CData":null},{"PrizeID":"A9EFF9AA-5E73-40F1-AC03-066274554825","Wager":"1","WinAmount":"40","WinLabel":"","PrizeLabel":"P1 x 3","PrizeOdds":"0","PrizePayout":"0","PrizeLines":[{"PrizeLineID":"6BF13552-8C78-4664-B0AC-D72C3A458F3A","WinAmount":"40","Label":"P1 x 3","RequiredQty":"3","SymbolID":"1DBD0539-85BF-430B-AC93-134BD78CF974","PrizeCode":"P1","CData":null}],"CData":null},{"PrizeID":"10BF6EFD-360E-4972-8282-9DE083CCAF08","Wager":"1","WinAmount":"35","WinLabel":"","PrizeLabel":"L2 x 4","PrizeOdds":"0","PrizePayout":"0","PrizeLines":[{"PrizeLineID":"D9DC028C-4CAD-403E-B849-8A9F80A953B6","WinAmount":"35","Label":"L2 x 4","RequiredQty":"4","SymbolID":"8FB76679-F8A0-492D-88A6-638F1C81B90F","PrizeCode":"L2","CData":null}],"CData":null},{"PrizeID":"C702FEA3-961D-48EB-92EA-FB9F95D8A63A","Wager":"1","WinAmount":"30","WinLabel":"","PrizeLabel":"L4 x 3","PrizeOdds":"0","PrizePayout":"0","PrizeLines":[{"PrizeLineID":"39315EF1-9520-4808-928E-CABF8AD01F88","WinAmount":"30","Label":"L4 x 3","RequiredQty":"3","SymbolID":"D7F0B05A-ACE1-42BA-81DF-FD843BE90C85","PrizeCode":"L4","CData":null}],"CData":null},{"PrizeID":"D076E8BA-629E-4319-8818-2AB22024D440","Wager":"1","WinAmount":"25","WinLabel":"","PrizeLabel":"L3 x 3","PrizeOdds":"0","PrizePayout":"0","PrizeLines":[{"PrizeLineID":"CC93AF59-FF43-40D2-8FC6-5DE700F87995","WinAmount":"25","Label":"L3 x 3","RequiredQty":"3","SymbolID":"E7AF5113-719E-4FA7-B9BF-7538CCD32B84","PrizeCode":"L3","CData":null}],"CData":null},{"PrizeID":"9F49BFE3-A83B-4969-BC09-D487ADE53378","Wager":"1","WinAmount":"25","WinLabel":"","PrizeLabel":"L1 x 4","PrizeOdds":"0","PrizePayout":"0","PrizeLines":[{"PrizeLineID":"4D858FCC-2839-440E-B275-7FC636DC41C8","WinAmount":"25","Label":"L1 x 4","RequiredQty":"4","SymbolID":"DECFC972-F644-41A3-9D86-049E9D9F903A","PrizeCode":"L1","CData":null}],"CData":null},{"PrizeID":"EFAFBBAB-054A-4F51-B544-208ABA03D2E6","Wager":"1","WinAmount":"20","WinLabel":"","PrizeLabel":"L2 x 3","PrizeOdds":"0","PrizePayout":"0","PrizeLines":[{"PrizeLineID":"72FD5A9D-9984-4518-9DB7-941201ED470B","WinAmount":"20","Label":"L2 x 3","RequiredQty":"3","SymbolID":"8FB76679-F8A0-492D-88A6-638F1C81B90F","PrizeCode":"L2","CData":null}],"CData":null},{"PrizeID":"F0EB41F9-2BC9-47A3-B145-7D706A2FAA59","Wager":"1","WinAmount":"10","WinLabel":"","PrizeLabel":"L1 x 3","PrizeOdds":"0","PrizePayout":"0","PrizeLines":[{"PrizeLineID":"7549D77C-4727-48B2-973A-BC0C08B73E63","WinAmount":"10","Label":"L1 x 3","RequiredQty":"3","SymbolID":"DECFC972-F644-41A3-9D86-049E9D9F903A","PrizeCode":"L1","CData":null}],"CData":null},{"PrizeID":"136E344A-C26F-45F6-B9CB-5430000EEC83","Wager":"1","WinAmount":"0","WinLabel":"","PrizeLabel":"Non Winning","PrizeOdds":"0","PrizePayout":"0","PrizeLines":[{"PrizeLineID":"8C66D7EE-731A-4CBB-90BA-B559FA33A509","WinAmount":"0","Label":"Non Winning","RequiredQty":"0","SymbolID":"","PrizeCode":"","CData":null}],"CData":null}],"CData":null}],"Resources":[{"Locale":"en-GB","Tokens":[{"TokenID":"MSG_SMALL_WIN","Text":"You Win: $(1)!","CData":null},{"TokenID":"MSG_COMPATIBILITY_ERROR","Text":"Your web browser is not compatible with this game. A WebGL enabled browser is required.","CData":null},{"TokenID":"TXT_ADVANCED_OPTIONS","Text":"Advanced Options","CData":null},{"TokenID":"TXT_AUTOPLAY_STOP_TIME","Text":"Stop on time:","CData":null},{"TokenID":"MSG_OUT_OF_BALANCE_BET","Text":"Your balance is not sufficient to place this bet. Please lower the bet level and try again.","CData":null},{"TokenID":"TXT_GAMEPLAY_LABEL","Text":"GamePlay","CData":null},{"TokenID":"TXT_RGO_LABEL","Text":"Responsible Gaming","CData":null},{"TokenID":"TXT_MAX_TIME_PER_SESSION_LABEL","Text":"Set Maximum Time Per Session","CData":null},{"TokenID":"BTN_TXT_CONTINUE_LABEL","Text":"Continue Playing","CData":null},{"TokenID":"TXT_FTHS_INFO_03","Text":"No win","CData":null},{"TokenID":"MSG_RESPONSIBLE_SESSION_TIME_LIMIT","Text":"You have set a Session Time Limit that has now been reached.","CData":null},{"TokenID":"TXT_RESPONSIBLE_GAMING_OPTIONS","Text":"Responsible Gaming Option","CData":null},{"TokenID":"TXT_BET_LEVEL_LABEL","Text":"Bet Level","CData":null},{"TokenID":"TXT_BET_LABEL","Text":"Bet","CData":null},{"TokenID":"MSG_DEFAULT","Text":"Good Luck!","CData":null},{"TokenID":"MSG_FREE_SPINS_REMAIN","Text":"$(1) Free Spins Left - Total Wins: $(2)","CData":null},{"TokenID":"TXT_FTHS_INFO_04","Text":"Featuring classic symbols for the lovers of classic slots!","CData":null},{"TokenID":"TXT_SOUND_EFFECTS_TOGGLE","Text":"Enable Sound Effects","CData":null},{"TokenID":"MSG_REALITY_CHECK_HH_MM","Text":"You have been playing for $(1) hours and $(2) minutes.","CData":null},{"TokenID":"TXT_PAYTABLE_LABEL","Text":"Paytable","CData":null},{"TokenID":"TXT_SOUND_LABEL","Text":"Sound","CData":null},{"TokenID":"TXT_OPTIONS_LABEL","Text":"Options","CData":null},{"TokenID":"DONT_SHOW_AGAIN_LABEL","Text":"Don’t show again","CData":null},{"TokenID":"TXT_TOTAL_BET_LABEL","Text":"Total Bet","CData":null},{"TokenID":"TXT_WIN_LABEL","Text":"Win","CData":null},{"TokenID":"TXT_TOTAL_ROUNDS_LABEL","Text":"Total Rounds","CData":null},{"TokenID":"TXT_BALANCE_LABEL","Text":"Balance","CData":null},{"TokenID":"MSG_SESSION_TIME_LIMIT_INFO","Text":"You have set a Session Time Limit that has now been reached","CData":null},{"TokenID":"MSG_OUT_OF_BALANCE_TOTAL","Text":"Your balance is not sufficient to place a bet. Please update your balance and try again.","CData":null},{"TokenID":"TXT_START_LABEL","Text":"Start","CData":null},{"TokenID":"TXT_REALITY_CHECK_INTERVAR_LABEL","Text":"Set Reality Check Message Interval","CData":null},{"TokenID":"MSG_FREE_SPINS_END","Text":"You won $(1) coins after $(2) Free Spins!","CData":null},{"TokenID":"TXT_MAX_BET_LABEL","Text":"Max Bet","CData":null},{"TokenID":"TXT_COIN_VALUE_LABEL","Text":"Coin Value","CData":null},{"TokenID":"MSG_HELP","Text":"Help","CData":null},{"TokenID":"MSG_GENERIC_ERROR","Text":"An unexpected error has occurred. Please close the game in order to return to the lobby. We apologize for the inconvenience.","CData":null},{"TokenID":"BTN_TXT_EXIT_TO_LOBBY_LABEL","Text":"Exit to Lobby","CData":null},{"TokenID":"TXT_SOUND_EFFECTS_LABEL","Text":"Sound Effects","CData":null},{"TokenID":"MSG_SESSION_TIME_LIMIT_TITLE","Text":"Session Time Limit Reached","CData":null},{"TokenID":"TXT_FTHS_INFO_02","Text":"Win","CData":null},{"TokenID":"TXT_HELP_LABEL","Text":"Rules","CData":null},{"TokenID":"CONTINUE_LABEL","Text":"CONTINUE","CData":null},{"TokenID":"TXT_FTHS_INFO_01","Text":"243 WAYS TO WIN!","CData":null},{"TokenID":"TXT_AMBIENT_SOUNDS_LABEL","Text":"Ambient Sounds","CData":null},{"TokenID":"MSG_FREE_SPINS_AWARD","Text":"Free Spins: $(1)","CData":null},{"TokenID":"TXT_PAYTABLE_GENERAL_INFO","Text":"Winning combinations are for 3 or more matching symbols in any position on adjacent reels, counting from the leftmost reel to the rightmost reel. Only the longest combination is paid per symbol. Winning coins are based on bet level 1. Additional bet levels multiply the winnings. Additional information can be found in the Game Rules. Malfunction voids all pays and plays.","CData":null},{"TokenID":"TXT_TITLE_OPTIONS","Text":"Options","CData":null},{"TokenID":"MSG_SESSION_IS_OVER","Text":"Your session has ended. Please close the game in order to return to the lobby.","CData":null},{"TokenID":"TXT_AUTOPLAY_STOP_LOSE","Text":"Stop on lose amount:","CData":null},{"TokenID":"TXT_SPIN","Text":"Spin","CData":null},{"TokenID":"TXT_SOUND_SETTINGS_LABEL","Text":"Sound Settings","CData":null},{"TokenID":"TXT_PAYTABLE_PAGE_01_INFO_03","Text":"No win","CData":null},{"TokenID":"MSG_SERVER_TIME_OUT","Text":"An unexpected error has occurred. Please close the game in order to return to the lobby. We apologize for the inconvenience.","CData":null},{"TokenID":"TXT_AUTOPLAY_LABEL","Text":"Autoplay","CData":null},{"TokenID":"TXT_PAYTABLE_PAGE_01_INFO_02","Text":"Win","CData":null},{"TokenID":"TXT_SOUND_AMBIANCE_TOGGLE","Text":"Enable Ambient Sounds","CData":null},{"TokenID":"TXT_AUTOPLAY_STOP_ANY","Text":"Stop on any Win","CData":null},{"TokenID":"TXT_AUTOPLAY_STOP_WIN_AMOUNT","Text":"Stop on win amount:","CData":null},{"TokenID":"TXT_GAMEPLAY_SETTINGS_LABEL","Text":"Gameplay Settings","CData":null},{"TokenID":"TXT_BET_LINE_LABEL","Text":"Bet Line","CData":null},{"TokenID":"TXT_FAST_SPINS_TOGGLE","Text":"Enable Fast Spins","CData":null},{"TokenID":"TXT_COINS_LABEL","Text":"Coins","CData":null},{"TokenID":"MSG_REALITY_CHECK_MM","Text":"You have been playing for $(1) minutes.","CData":null},{"TokenID":"TXT_PAYTABLE_PAGE_01_INFO_01","Text":"243 ways to win!","CData":null},{"TokenID":"MSG_MEDIUM_WIN","Text":"You Win: $(1)!","CData":null},{"TokenID":"TXT_LINES_LABEL","Text":"Lines","CData":null},{"TokenID":"MSG_DEFAULT_02","Text":"243 ways to win!!!","CData":null},{"TokenID":"MSG_MAX_WIN","Text":"Win up to 803 000 coins!","CData":null},{"TokenID":"TXT_FAST_SPINS_LABEL","Text":"Fast Spins","CData":null},{"TokenID":"MSG_WIN","Text":"WIN: $(1)","CData":null},{"TokenID":"TXT_AUTOPLAY_STOP_WIN_CASH","Text":"Stop on win cash amount:","CData":null},{"TokenID":"TXT_AUTOPLAY_START_LABEL","Text":"Start Auto","CData":null},{"TokenID":"MGS_RESPONSIBLE_REALITY_CHECK_TITLE","Text":"Reality Check Message!","CData":null},{"TokenID":"MSG_BIG_WIN","Text":"Big Win: $(1)!","CData":null},{"TokenID":"MSG_FUN_MODE","Text":"You are playing for fun.","CData":null}],"CData":null}],"CData":null},"Statistics":{"Unit":"milliseconds","Handle":"9"}},
          "unified_panel_localization": {
              "localized_gameplay_label": {
                  "en-GB": "Gameplay settings"
              },
              "localized_fast_spins": {
                  "en-GB": "Enable fast spins"
              },
              "localized_sound_effects": {
                  "en-GB": "Enable Sound Effects"
              },
              "localized_sound_ambiance": {
                  "en-GB": "Enable Ambiance"
              },

              "localized_fun_play": {
                  "en-GB": "PLAYING FOR FUN"
              },
              "localized_bet": {
                  "en-GB": "Bet: "
              },
              "localized_win": {
                  "en-GB": "Win: "
              },
              "localized_balance": {
                  "en-GB": "Balance: "
              }

          },
          "autoplay_specs": {
              "win_amount": 250,
              "cash_amount": "1.25",
              "time": "5Min",
              "loss": "0,75"
          }



      }
      