  {
     "TXT_BALANCE_LABEL": {
          "en-GB": "BALANCE"
      },
      "total_bet": {
          "en-GB": "TOTAL BET"
      },
      "total_bet_title": {
          "en-GB": "Total Bet"
      },
       "total_win": {
          "en-GB": "TOTAL WIN"
      },
      "home": {
          "en-GB": "HOME"
      },
      "TXT_WIN_LABEL": {
          "en-GB": "WIN"
      },
      "bet_level": {
          "en-GB": "Bet Level"
      },
      "bet": {
          "en-GB": "BET"
      },
      "set_bet": {
          "en-GB": "SET BET"
      },
      "auto":{
        "en-GB":"Auto"
      },
      "auto_play": {
          "en-GB": "AUTO PLAY"
      },
      "advanced": {
          "en-GB": "Advanced Options"
      },
      "total_rounds": {
          "en-GB": "Total  Rounds:"
      },
      "stop": {
          "en-GB": "STOP"
      },
      "auto_play_vertical": {
          "en-GB": "A\nU\nT\nO\nP\nL\nA\nY"
      },
       "auto_play_stop_vertical": {
          "en-GB": "S\nT\nO\nP"
      },
      
        "TXT_AUTOPLAY_STOP_ANY": {
          "en-GB": "Stop on ANY win:"
      },
      
       "TXT_AUTOPLAY_STOP_WIN_AMOUNT": {
          "en-GB": "Stop on WIN amount:"
      },
      
        "TXT_AUTOPLAY_STOP_WIN_CASH": {
          "en-GB": "Stop on CASH amount:"
      },
      
       "TXT_AUTOPLAY_STOP_TIME": {
          "en-GB": "Stop on TIME:"
      },
      
        "TXT_AUTOPLAY_STOP_LOSE": {
          "en-GB": "Stop on LOSE amount:"
      },
      
        "TXT_GAMEPLAY_SETTINGS_LABEL": {
          "en-GB": "Gameplay Settings"
      },
      
        "TXT_SOUND_SETTINGS_LABEL": {
          "en-GB": "Sound Settings"
      },
      
       "TXT_FAST_SPINS_TOGGLE": {
          "en-GB": "Enable Fast Spins"
      },
      
        "TXT_SOUND_EFFECTS_TOGGLE": {
          "en-GB": "Enable Sound Effects"
      },
      
       "TXT_SOUND_AMBIANCE_TOGGLE": {
          "en-GB": "Enable Ambiance"
      },
      
        "responsible_options": {
          "en-GB": "Responsible Play Options"
      },
       "options": {
          "en-GB": "OPTIONS"
      },
      "gameplay": {
          "en-GB": "Gameplay"
      },
      "sound": {
          "en-GB": "Sound"
      },
      "responsible": {
          "en-GB": "Responsible Options"
      },
      
        "time_per_session": {
          "en-GB": "Set max time per session"
      },
      
        "reality_message_interval": {
          "en-GB": "Set Reality Check message interval"
      },
        "txt_msg_responsible_reality_check_title": {
          "en-GB": "Reality Check Message!"
      },
      
      "official_welcome": {
          "en-GB": "Official Welcome!"
      },
      
      "ok": {
          "en-GB": "OK"
      },
      
      "ON": {
          "en-GB": "ON"
      },
      
      "OFF": {
          "en-GB": "OFF"
      },
      
      "time": {
          "en-GB": "TIME"
      },
      
      "continue": {
          "en-GB": "Continue"
      },
      
      "paytable": {
          "en-GB": "PAYTABLE"
      },
      "max_bet": {
          "en-GB": "Max Bet"
      },
       "bet_in_cash": {
          "en-GB": "Cash:"
      },
       "TXT_TOTAL_BET_LABEL": {
          "en-GB": "Coins:"
      },
       "TXT_HELP_LABEL": {
          "en-GB": "Rules"
      },
      "coins": {
          "en-GB": "COINS"
      },
      "coin_value": {
          "en-GB": "Coin Value"
      },
      "paytable_betlines_heading": {
          "en-GB": "WINNING BET LINES"
      },
      "paytable_bonus_heading": {
          "en-GB": "BONUS GAME"
      },
      "bonus_stage": {
          "en-GB": "STAGE "
      },
      "paytable_symbols_payout_heading": {
          "en-GB": "SYMBOLS PAYOUT"
      },
      "TXT_PAYTABLE_PAGE_01_INFO_02": {
          "en-GB": "Free Spins"
      },
      "free_spins_left": {
          "en-GB": "Free Spins Left"
      },
      "medium_win_text": {
          "en-GB": "WIN "
      },
      "small_win_text": {
          "en-GB": "WIN "
      },
      
      "TXT_PAYTABLE_PAGE_01_INFO_01": {
          "en-GB": "Wild symbols substitute all\nsymbols except Scatter"
      },
      "TXT_PAYTABLE_PAGE_01_INFO_03": {
          "en-GB": "Scatter Symbols pay when appear\nanyware on the board."
      },
      "thunderstorm_paytable_heading_text": {
          "en-GB": "THUNDERSTORM FREE SPINS"
      },
      "paytable_info_text": {
          "en-GB": "During Free Spins, all wins are multiplied by 5\nScatter wins within Free Spins award 5 Free Spins"
      },
      "TXT_PAYTABLE_GENERAL_INFO": {
          "en-GB": "Wins are calculated starting on the leftmost reel to the rightmost reel. Winning coins are based on bet level 1. Additional levels multiply the winnings. Only the highest win is paid per bet line. Additional information can be found in the Game Rules. Malfunction voids all pays and plays."
      },
       "thunder_title": {
          "en-GB": "Thunderstorm Free Spins"
      },
       "freespins_intro": {
          "en-GB": "3 or more Scatter Symbols initiate the Thunderstorm Free Spins. \n\n Thunderstorm Free Spins have 4 stages. \n\n Each stage has a different multiplier, starting from x2 and up to x5 \n\nAdditional Scatter Wins during a Thunderstorm Free Spins round\n will award Free Spins of the next stage."
      }
      ,
       "show_again": {
          "en-GB": "Do not show this again"
      }
  }